accion;referencia;nombre;metaTitulo;metaDescripcion;slug
upsert;6000;Estor Enrollable Lira Blindecor;Estor Enrollable Lira Blindecor;Estor liso de alta calidad con tejido translúcido u opaco. Colores modernos, medidas personalizadas y envío gratis. ¡Al mejor precio!;6000-estor-enrollable-lira-blindecor
upsert;6001;Estor Enrollable Ara Blindecor;Estor Enrollable Ara Blindecor;Estor enrollable liso económico con diseño actual. Tejido traslúcido u opaco, medidas a tu medida y envío gratis en toda España.;6001-estor-enrollable-ara-blindecor
upsert;6002;Estor Enrollable Draco Blindecor;Estor Enrollable Draco Blindecor;Estores lisos modernos al mejor precio. Múltiples colores, tejido translúcido u opaco, medidas personalizadas y envío gratuito.;6002-estor-enrollable-draco-blindecor
upsert;6003;Estor Enrollable Egeo Blindecor;Estor Enrollable Egeo Blindecor;Estor liso noche y día económico con sistema de doble tejido. Diseño elegante, medidas a medida y envío gratis.;6003-estor-enrollable-egeo-blindecor
upsert;6004;Estor Enrollable Iris Blindecor;Estor Enrollable Iris Blindecor;Estor liso de calidad en tejido translúcido o tipo noche y día. Económico, a medida y envío gratuito en todos tus pedidos.;6004-estor-enrollable-iris-blindecor
upsert;6005;Estor Enrollable Linen Blindecor;Estor Enrollable Linen Blindecor;Estor liso de alta calidad con tejido translúcido u opaco. Colores modernos, medidas personalizadas y envío gratis. ¡Al mejor precio!;6005-estor-enrollable-linen-blindecor
upsert;6006;Estor Enrollable Vela Blindecor;Estor Enrollable Vela Blindecor;Estor enrollable liso económico con diseño actual. Tejido traslúcido u opaco, medidas a tu medida y envío gratis en toda España.;6006-estor-enrollable-vela-blindecor
upsert;6007;Estor Enrollable Indus Blindecor;Estor Enrollable Indus Blindecor;Estores lisos modernos al mejor precio. Múltiples colores, tejido translúcido u opaco, medidas personalizadas y envío gratuito.;6007-estor-enrollable-indus-blindecor
upsert;9000;Happystor Night Estor Enrollable Noche y Dia;Happystor Night Estor Enrollable Noche y Dia;Estor liso noche y día económico con sistema de doble tejido. Diseño elegante, medidas a medida y envío gratis.;9000-happystor-night-estor-enrollable-noche-y-dia
upsert;9001;Happystor Clear Estor Enrollable Tejido Traslúcido Liso;Happystor Clear Estor Enrollable Traslúcido Liso;Estor liso de calidad en tejido translúcido o tipo noche y día. Económico, a medida y envío gratuito en todos tus pedidos.;9001-happystor-clear-estor-enrollable-tejido-traslucido-liso
upsert;9004;Happystor Line Estor Enrollable Tejido Rayado Liso;Happystor Line Estor Enrollable Rayado Liso;Estor liso de alta calidad con tejido translúcido u opaco. Colores modernos, medidas personalizadas y envío gratis. ¡Al mejor precio!;9004-happystor-line-estor-enrollable-tejido-rayado-liso
upsert;9005;Happystor Nature Estor Enrollable Tejido Traslúcio Liso Lino;Happystor Nature Estor Enrollable Traslúcio Liso Lino;Estor enrollable liso económico con diseño actual. Tejido traslúcido u opaco, medidas a tu medida y envío gratis en toda España.;9005-happystor-nature-estor-enrollable-tejido-traslucio-liso-lino
upsert;9006;Happystor Day Estor Enrollable Noche y Dia;Happystor Day Estor Enrollable Noche y Dia;Estores lisos modernos al mejor precio. Múltiples colores, tejido translúcido u opaco, medidas personalizadas y envío gratuito.;9006-happystor-day-estor-enrollable-noche-y-dia
upsert;9007;Happystor Door N&D Estor Enrollable EasyFix Noche y Dia;Happystor Door N&D Estor Enrollable EasyFix Noche y Dia;Estor liso noche y día económico con sistema de doble tejido. Diseño elegante, medidas a medida y envío gratis.;9007-happystor-door-n-d-estor-enrollable-easyfix-noche-y-dia
upsert;9008;Happystor Door Clear Estor Enrollable EasyFix Traslúcido Liso;Happystor Door Clear Estor Enrollable EasyFix Traslúcido Liso;Estor liso de calidad en tejido translúcido o tipo noche y día. Económico, a medida y envío gratuito en todos tus pedidos.;9008-happystor-door-clear-estor-enrollable-easyfix-traslucido-liso
upsert;9009;Happystor Door Dark Estor Enrollable EasyFix Tejido Opaco Liso;Happystor Door Dark Estor Enrollable EasyFix Opaco Liso;Estor liso de alta calidad con tejido translúcido u opaco. Colores modernos, medidas personalizadas y envío gratis. ¡Al mejor precio!;9009-happystor-door-dark-estor-enrollable-easyfix-tejido-opaco-liso
upsert;9011;Happystor TriNight Estor Enrollable Noche y Dia;Happystor TriNight Estor Enrollable Noche y Dia;Estor enrollable liso económico con diseño actual. Tejido traslúcido u opaco, medidas a tu medida y envío gratis en toda España.;9011-happystor-trinight-estor-enrollable-noche-y-dia
upsert;9012;Happystor Wave Estor Enrollable Noche y Dia;Happystor Wave Estor Enrollable Noche y Dia;Estores lisos modernos al mejor precio. Múltiples colores, tejido translúcido u opaco, medidas personalizadas y envío gratuito.;9012-happystor-wave-estor-enrollable-noche-y-dia
upsert;6500;Blindecor T2-I-15818 Estor Enrollable Estampado Digital Infantil Basic Tejido Traslúcido;Blindecor Estor Enrollable Estampado Digital Infantil Traslúcido;Estor infantil con estampado digital divertido. Diseños coloridos para niños, medidas personalizadas, precio barato y envío gratis.;6500-blindecor-t2-i-15818-estor-enrollable-estampado-digital-infantil-basic-tejido-traslucido
upsert;margin-right: auto;width=342 height=114 /></p>;width=342 height=114 /></p>;Estor liso noche y día económico con sistema de doble tejido. Diseño elegante, medidas a medida y envío gratis.;margin-right: auto-width-342-height-114-p
upsert;6501;Blindecor T2-I-60856 Estor Enrollable Estampado Digital Infantil Basic Tejido Traslúcido;Blindecor Estor Enrollable Estampado Digital Infantil Traslúcido;Bonito estor infantil digital de alta calidad. Diseños temáticos para niños, económico, a medida y con envío gratuito.;6501-blindecor-t2-i-60856-estor-enrollable-estampado-digital-infantil-basic-tejido-traslucido
upsert;margin-right: auto;width=342 height=114 /></p>;width=342 height=114 /></p>;Estor liso de calidad en tejido translúcido o tipo noche y día. Económico, a medida y envío gratuito en todos tus pedidos.;margin-right: auto-width-342-height-114-p
upsert;6502;Blindecor T2-I-52681 Estor Enrollable Estampado Digital Infantil Basic Tejido Traslúcido;Blindecor Estor Enrollable Estampado Digital Infantil Traslúcido;Estores digitales infantiles con diseños alegres y coloridos. A tu medida, precio económico y envío gratis. ¡Los niños los adorarán!;6502-blindecor-t2-i-52681-estor-enrollable-estampado-digital-infantil-basic-tejido-traslucido
upsert;margin-right: auto;width=342 height=114 /></p>;width=342 height=114 /></p>;Estor liso de alta calidad con tejido translúcido u opaco. Colores modernos, medidas personalizadas y envío gratis. ¡Al mejor precio!;margin-right: auto-width-342-height-114-p
upsert;6503;Blindecor T2-I-92483 Estor Enrollable Estampado Digital Infantil Basic Tejido Traslúcido;Blindecor Estor Enrollable Estampado Digital Infantil Traslúcido;Estor infantil con estampado digital exclusivo. Colores vivos para niños, medidas a medida, barato y envío gratuito.;6503-blindecor-t2-i-92483-estor-enrollable-estampado-digital-infantil-basic-tejido-traslucido
upsert;margin-right: auto;width=342 height=114 /></p>;width=342 height=114 /></p>;Estor enrollable liso económico con diseño actual. Tejido traslúcido u opaco, medidas a tu medida y envío gratis en toda España.;margin-right: auto-width-342-height-114-p
upsert;6504;Blindecor T2-I-11952 Estor Enrollable Estampado Digital Infantil Basic Tejido Traslúcido;Blindecor Estor Enrollable Estampado Digital Infantil Traslúcido;Decora la habitación infantil con estores digitales modernos. Diseños coloridos, económicos, a medida y con envío gratis.;6504-blindecor-t2-i-11952-estor-enrollable-estampado-digital-infantil-basic-tejido-traslucido
upsert;margin-right: auto;width=342 height=114 /></p>;width=342 height=114 /></p>;Estores lisos modernos al mejor precio. Múltiples colores, tejido translúcido u opaco, medidas personalizadas y envío gratuito.;margin-right: auto-width-342-height-114-p
upsert;6505;Blindecor T2-I-93053 Estor Enrollable Estampado Digital Infantil Basic Tejido Traslúcido;Blindecor Estor Enrollable Estampado Digital Infantil Traslúcido;Estor infantil con estampado digital divertido. Diseños coloridos para niños, medidas personalizadas, precio barato y envío gratis.;6505-blindecor-t2-i-93053-estor-enrollable-estampado-digital-infantil-basic-tejido-traslucido
upsert;margin-right: auto;width=342 height=114 /></p>;width=342 height=114 /></p>;Estor liso noche y día económico con sistema de doble tejido. Diseño elegante, medidas a medida y envío gratis.;margin-right: auto-width-342-height-114-p
upsert;6506;Blindecor T2-I-05346 Estor Enrollable Estampado Digital Infantil Basic Tejido Traslúcido;Blindecor Estor Enrollable Estampado Digital Infantil Traslúcido;Bonito estor infantil digital de alta calidad. Diseños temáticos para niños, económico, a medida y con envío gratuito.;6506-blindecor-t2-i-05346-estor-enrollable-estampado-digital-infantil-basic-tejido-traslucido
upsert;margin-right: auto;width=342 height=114 /></p>;width=342 height=114 /></p>;Estor liso de calidad en tejido translúcido o tipo noche y día. Económico, a medida y envío gratuito en todos tus pedidos.;margin-right: auto-width-342-height-114-p
upsert;6507;Blindecor T2-I-10983 Estor Enrollable Estampado Digital Infantil Basic Tejido Traslúcido;Blindecor Estor Enrollable Estampado Digital Infantil Traslúcido;Estores digitales infantiles con diseños alegres y coloridos. A tu medida, precio económico y envío gratis. ¡Los niños los adorarán!;6507-blindecor-t2-i-10983-estor-enrollable-estampado-digital-infantil-basic-tejido-traslucido
upsert;margin-right: auto;width=342 height=114 /></p>;width=342 height=114 /></p>;Estor liso de alta calidad con tejido translúcido u opaco. Colores modernos, medidas personalizadas y envío gratis. ¡Al mejor precio!;margin-right: auto-width-342-height-114-p
upsert;6508;Blindecor T2-I-93442 Estor Enrollable Estampado Digital Infantil Basic Tejido Traslúcido;Blindecor Estor Enrollable Estampado Digital Infantil Traslúcido;Estor infantil con estampado digital exclusivo. Colores vivos para niños, medidas a medida, barato y envío gratuito.;6508-blindecor-t2-i-93442-estor-enrollable-estampado-digital-infantil-basic-tejido-traslucido
upsert;margin-right: auto;width=342 height=114 /></p>;width=342 height=114 /></p>;Estor enrollable liso económico con diseño actual. Tejido traslúcido u opaco, medidas a tu medida y envío gratis en toda España.;margin-right: auto-width-342-height-114-p
upsert;6509;Blindecor T2-I-94192 Estor Enrollable Estampado Digital Infantil Basic Tejido Traslúcido;Blindecor Estor Enrollable Estampado Digital Infantil Traslúcido;Decora la habitación infantil con estores digitales modernos. Diseños coloridos, económicos, a medida y con envío gratis.;6509-blindecor-t2-i-94192-estor-enrollable-estampado-digital-infantil-basic-tejido-traslucido
upsert;margin-right: auto;width=342 height=114 /></p>;width=342 height=114 /></p>;Estores lisos modernos al mejor precio. Múltiples colores, tejido translúcido u opaco, medidas personalizadas y envío gratuito.;margin-right: auto-width-342-height-114-p
upsert;6510;Blindecor T3-I-64037 Estor Enrollable Estampado Digital Infantil Basic Tejido Traslúcido;Blindecor Estor Enrollable Estampado Digital Infantil Traslúcido;Estor infantil con estampado digital divertido. Diseños coloridos para niños, medidas personalizadas, precio barato y envío gratis.;6510-blindecor-t3-i-64037-estor-enrollable-estampado-digital-infantil-basic-tejido-traslucido
upsert;margin-right: auto;width=342 height=114 /></p>;width=342 height=114 /></p>;Estor liso noche y día económico con sistema de doble tejido. Diseño elegante, medidas a medida y envío gratis.;margin-right: auto-width-342-height-114-p
upsert;6511;Blindecor T3-I-35572 Estor Enrollable Estampado Digital Infantil Basic Tejido Traslúcido;Blindecor Estor Enrollable Estampado Digital Infantil Traslúcido;Bonito estor infantil digital de alta calidad. Diseños temáticos para niños, económico, a medida y con envío gratuito.;6511-blindecor-t3-i-35572-estor-enrollable-estampado-digital-infantil-basic-tejido-traslucido
upsert;margin-right: auto;width=342 height=114 /></p>;width=342 height=114 /></p>;Estor liso de calidad en tejido translúcido o tipo noche y día. Económico, a medida y envío gratuito en todos tus pedidos.;margin-right: auto-width-342-height-114-p
upsert;6512;Blindecor T2-I-35814 Estor Enrollable Estampado Digital Infantil Basic Tejido Traslúcido;Blindecor Estor Enrollable Estampado Digital Infantil Traslúcido;Estores digitales infantiles con diseños alegres y coloridos. A tu medida, precio económico y envío gratis. ¡Los niños los adorarán!;6512-blindecor-t2-i-35814-estor-enrollable-estampado-digital-infantil-basic-tejido-traslucido
upsert;margin-right: auto;width=342 height=114 /></p>;width=342 height=114 /></p>;Estor liso de alta calidad con tejido translúcido u opaco. Colores modernos, medidas personalizadas y envío gratis. ¡Al mejor precio!;margin-right: auto-width-342-height-114-p
upsert;6513;Blindecor T2-I-35815 Estor Enrollable Estampado Digital Infantil Basic Tejido Traslúcido;Blindecor Estor Enrollable Estampado Digital Infantil Traslúcido;Estor infantil con estampado digital exclusivo. Colores vivos para niños, medidas a medida, barato y envío gratuito.;6513-blindecor-t2-i-35815-estor-enrollable-estampado-digital-infantil-basic-tejido-traslucido
upsert;margin-right: auto;width=342 height=114 /></p>;width=342 height=114 /></p>;Estor enrollable liso económico con diseño actual. Tejido traslúcido u opaco, medidas a tu medida y envío gratis en toda España.;margin-right: auto-width-342-height-114-p
upsert;6514;Blindecor T3-I-07937 Estor Enrollable Estampado Digital Infantil Basic Tejido Traslúcido;Blindecor Estor Enrollable Estampado Digital Infantil Traslúcido;Decora la habitación infantil con estores digitales modernos. Diseños coloridos, económicos, a medida y con envío gratis.;6514-blindecor-t3-i-07937-estor-enrollable-estampado-digital-infantil-basic-tejido-traslucido
upsert;margin-right: auto;width=342 height=114 /></p>;width=342 height=114 /></p>;Estores lisos modernos al mejor precio. Múltiples colores, tejido translúcido u opaco, medidas personalizadas y envío gratuito.;margin-right: auto-width-342-height-114-p
upsert;6515;Blindecor T2-I-21842 Estor Enrollable Estampado Digital Infantil Basic Tejido Traslúcido;Blindecor Estor Enrollable Estampado Digital Infantil Traslúcido;Estor infantil con estampado digital divertido. Diseños coloridos para niños, medidas personalizadas, precio barato y envío gratis.;6515-blindecor-t2-i-21842-estor-enrollable-estampado-digital-infantil-basic-tejido-traslucido
upsert;margin-right: auto;width=342 height=114 /></p>;width=342 height=114 /></p>;Estor liso noche y día económico con sistema de doble tejido. Diseño elegante, medidas a medida y envío gratis.;margin-right: auto-width-342-height-114-p
upsert;6516;Blindecor T3-I-68463 Estor Enrollable Estampado Digital Infantil Basic Tejido Traslúcido;Blindecor Estor Enrollable Estampado Digital Infantil Traslúcido;Bonito estor infantil digital de alta calidad. Diseños temáticos para niños, económico, a medida y con envío gratuito.;6516-blindecor-t3-i-68463-estor-enrollable-estampado-digital-infantil-basic-tejido-traslucido
upsert;margin-right: auto;width=342 height=114 /></p>;width=342 height=114 /></p>;Estor liso de calidad en tejido translúcido o tipo noche y día. Económico, a medida y envío gratuito en todos tus pedidos.;margin-right: auto-width-342-height-114-p
upsert;6517;Blindecor T2-I-29128 Estor Enrollable Estampado Digital Infantil Basic Tejido Traslúcido;Blindecor Estor Enrollable Estampado Digital Infantil Traslúcido;Estores digitales infantiles con diseños alegres y coloridos. A tu medida, precio económico y envío gratis. ¡Los niños los adorarán!;6517-blindecor-t2-i-29128-estor-enrollable-estampado-digital-infantil-basic-tejido-traslucido
upsert;margin-right: auto;width=342 height=114 /></p>;width=342 height=114 /></p>;Estor liso de alta calidad con tejido translúcido u opaco. Colores modernos, medidas personalizadas y envío gratis. ¡Al mejor precio!;margin-right: auto-width-342-height-114-p
upsert;6518;Blindecor T3-I-20808 Estor Enrollable Estampado Digital Infantil Basic Tejido Traslúcido;Blindecor Estor Enrollable Estampado Digital Infantil Traslúcido;Estor infantil con estampado digital exclusivo. Colores vivos para niños, medidas a medida, barato y envío gratuito.;6518-blindecor-t3-i-20808-estor-enrollable-estampado-digital-infantil-basic-tejido-traslucido
upsert;margin-right: auto;width=342 height=114 /></p>;width=342 height=114 /></p>;Estor enrollable liso económico con diseño actual. Tejido traslúcido u opaco, medidas a tu medida y envío gratis en toda España.;margin-right: auto-width-342-height-114-p
upsert;6519;Blindecor T2-I-64905 Estor Enrollable Estampado Digital Infantil Basic Tejido Traslúcido;Blindecor Estor Enrollable Estampado Digital Infantil Traslúcido;Decora la habitación infantil con estores digitales modernos. Diseños coloridos, económicos, a medida y con envío gratis.;6519-blindecor-t2-i-64905-estor-enrollable-estampado-digital-infantil-basic-tejido-traslucido
upsert;margin-right: auto;width=342 height=114 /></p>;width=342 height=114 /></p>;Estores lisos modernos al mejor precio. Múltiples colores, tejido translúcido u opaco, medidas personalizadas y envío gratuito.;margin-right: auto-width-342-height-114-p
upsert;6520;Blindecor T2-I-13060 Estor Enrollable Estampado Digital Infantil Basic Tejido Traslúcido;Blindecor Estor Enrollable Estampado Digital Infantil Traslúcido;Estor infantil con estampado digital divertido. Diseños coloridos para niños, medidas personalizadas, precio barato y envío gratis.;6520-blindecor-t2-i-13060-estor-enrollable-estampado-digital-infantil-basic-tejido-traslucido
upsert;margin-right: auto;width=342 height=114 /></p>;width=342 height=114 /></p>;Estor liso noche y día económico con sistema de doble tejido. Diseño elegante, medidas a medida y envío gratis.;margin-right: auto-width-342-height-114-p
upsert;6521;Blindecor T2-I-56827 Estor Enrollable Estampado Digital Infantil Basic Tejido Traslúcido;Blindecor Estor Enrollable Estampado Digital Infantil Traslúcido;Bonito estor infantil digital de alta calidad. Diseños temáticos para niños, económico, a medida y con envío gratuito.;6521-blindecor-t2-i-56827-estor-enrollable-estampado-digital-infantil-basic-tejido-traslucido
upsert;margin-right: auto;width=342 height=114 /></p>;width=342 height=114 /></p>;Estor liso de calidad en tejido translúcido o tipo noche y día. Económico, a medida y envío gratuito en todos tus pedidos.;margin-right: auto-width-342-height-114-p
upsert;6522;Blindecor T2-I-76613 Estor Enrollable Estampado Digital Infantil Basic Tejido Traslúcido;Blindecor Estor Enrollable Estampado Digital Infantil Traslúcido;Estores digitales infantiles con diseños alegres y coloridos. A tu medida, precio económico y envío gratis. ¡Los niños los adorarán!;6522-blindecor-t2-i-76613-estor-enrollable-estampado-digital-infantil-basic-tejido-traslucido
upsert;margin-right: auto;width=342 height=114 /></p>;width=342 height=114 /></p>;Estor liso de alta calidad con tejido translúcido u opaco. Colores modernos, medidas personalizadas y envío gratis. ¡Al mejor precio!;margin-right: auto-width-342-height-114-p
upsert;6523;Blindecor T2-I-67743 Estor Enrollable Estampado Digital Infantil Basic Tejido Traslúcido;Blindecor Estor Enrollable Estampado Digital Infantil Traslúcido;Estor infantil con estampado digital exclusivo. Colores vivos para niños, medidas a medida, barato y envío gratuito.;6523-blindecor-t2-i-67743-estor-enrollable-estampado-digital-infantil-basic-tejido-traslucido
upsert;margin-right: auto;width=342 height=114 /></p>;width=342 height=114 /></p>;Estor enrollable liso económico con diseño actual. Tejido traslúcido u opaco, medidas a tu medida y envío gratis en toda España.;margin-right: auto-width-342-height-114-p
upsert;6524;Blindecor T3-I-52680 Estor Enrollable Estampado Digital Infantil Basic Tejido Traslúcido;Blindecor Estor Enrollable Estampado Digital Infantil Traslúcido;Decora la habitación infantil con estores digitales modernos. Diseños coloridos, económicos, a medida y con envío gratis.;6524-blindecor-t3-i-52680-estor-enrollable-estampado-digital-infantil-basic-tejido-traslucido
upsert;margin-right: auto;width=342 height=114 /></p>;width=342 height=114 /></p>;Estores lisos modernos al mejor precio. Múltiples colores, tejido translúcido u opaco, medidas personalizadas y envío gratuito.;margin-right: auto-width-342-height-114-p
upsert;6525;Blindecor T2-I-71812 Estor Enrollable Estampado Digital Infantil Basic Tejido Traslúcido;Blindecor Estor Enrollable Estampado Digital Infantil Traslúcido;Estor infantil con estampado digital divertido. Diseños coloridos para niños, medidas personalizadas, precio barato y envío gratis.;6525-blindecor-t2-i-71812-estor-enrollable-estampado-digital-infantil-basic-tejido-traslucido
upsert;margin-right: auto;width=342 height=114 /></p>;width=342 height=114 /></p>;Estor liso noche y día económico con sistema de doble tejido. Diseño elegante, medidas a medida y envío gratis.;margin-right: auto-width-342-height-114-p
upsert;6526;Blindecor T3-I-95810 Estor Enrollable Estampado Digital Infantil Basic Tejido Traslúcido;Blindecor Estor Enrollable Estampado Digital Infantil Traslúcido;Bonito estor infantil digital de alta calidad. Diseños temáticos para niños, económico, a medida y con envío gratuito.;6526-blindecor-t3-i-95810-estor-enrollable-estampado-digital-infantil-basic-tejido-traslucido
upsert;margin-right: auto;width=342 height=114 /></p>;width=342 height=114 /></p>;Estor liso de calidad en tejido translúcido o tipo noche y día. Económico, a medida y envío gratuito en todos tus pedidos.;margin-right: auto-width-342-height-114-p
upsert;6527;Blindecor T3-I-28602 Estor Enrollable Estampado Digital Infantil Basic Tejido Traslúcido;Blindecor Estor Enrollable Estampado Digital Infantil Traslúcido;Estores digitales infantiles con diseños alegres y coloridos. A tu medida, precio económico y envío gratis. ¡Los niños los adorarán!;6527-blindecor-t3-i-28602-estor-enrollable-estampado-digital-infantil-basic-tejido-traslucido
upsert;margin-right: auto;width=342 height=114 /></p>;width=342 height=114 /></p>;Estor liso de alta calidad con tejido translúcido u opaco. Colores modernos, medidas personalizadas y envío gratis. ¡Al mejor precio!;margin-right: auto-width-342-height-114-p
upsert;6528;Blindecor T2-I-31368 Estor Enrollable Estampado Digital Infantil Basic Tejido Traslúcido;Blindecor Estor Enrollable Estampado Digital Infantil Traslúcido;Estor infantil con estampado digital exclusivo. Colores vivos para niños, medidas a medida, barato y envío gratuito.;6528-blindecor-t2-i-31368-estor-enrollable-estampado-digital-infantil-basic-tejido-traslucido
upsert;margin-right: auto;width=342 height=114 /></p>;width=342 height=114 /></p>;Estor enrollable liso económico con diseño actual. Tejido traslúcido u opaco, medidas a tu medida y envío gratis en toda España.;margin-right: auto-width-342-height-114-p
upsert;6529;Blindecor T2-I-11482 Estor Enrollable Estampado Digital Infantil Basic Tejido Traslúcido;Blindecor Estor Enrollable Estampado Digital Infantil Traslúcido;Decora la habitación infantil con estores digitales modernos. Diseños coloridos, económicos, a medida y con envío gratis.;6529-blindecor-t2-i-11482-estor-enrollable-estampado-digital-infantil-basic-tejido-traslucido
upsert;margin-right: auto;width=342 height=114 /></p>;width=342 height=114 /></p>;Estores lisos modernos al mejor precio. Múltiples colores, tejido translúcido u opaco, medidas personalizadas y envío gratuito.;margin-right: auto-width-342-height-114-p
upsert;6530;Blindecor T1-I-78216 Estor Enrollable Estampado Digital Infantil Basic Tejido Traslúcido;Blindecor Estor Enrollable Estampado Digital Infantil Traslúcido;Estor infantil con estampado digital divertido. Diseños coloridos para niños, medidas personalizadas, precio barato y envío gratis.;6530-blindecor-t1-i-78216-estor-enrollable-estampado-digital-infantil-basic-tejido-traslucido
upsert;margin-right: auto;width=342 height=114 /></p>;width=342 height=114 /></p>;Estor liso noche y día económico con sistema de doble tejido. Diseño elegante, medidas a medida y envío gratis.;margin-right: auto-width-342-height-114-p
upsert;6531;Blindecor T2-J-38156 Estor Enrollable Estampado Digital Basic Juvenil Tejido Traslúcido;Blindecor Estor Enrollable Estampado Digital Juvenil Traslúcido;Estor juvenil con estampado digital de diseños modernos. Deportes y aficiones favoritas, medidas personalizadas, precio barato y envío gratis.;6531-blindecor-t2-j-38156-estor-enrollable-estampado-digital-basic-juvenil-tejido-traslucido
upsert;margin-right: auto;width=342 height=114 /></p>;width=342 height=114 /></p>;Estor liso de calidad en tejido translúcido o tipo noche y día. Económico, a medida y envío gratuito en todos tus pedidos.;margin-right: auto-width-342-height-114-p
upsert;6532;Estor Traslúcido Patines Basic Juvenil;Estor Traslúcido Patines Juvenil;Estores digitales juveniles con temáticas modernas de deporte y moda. Económicos, a medida y envío gratuito. ¡Estilo garantizado!;6532-estor-traslucido-patines-basic-juvenil
upsert;margin-right: auto;width=342 height=114 /></p>;width=342 height=114 /></p>;Estor liso de alta calidad con tejido translúcido u opaco. Colores modernos, medidas personalizadas y envío gratis. ¡Al mejor precio!;margin-right: auto-width-342-height-114-p
upsert;6533;Estor Enrollable Blindecor Basic Juvenil Zapatillas;Estor Enrollable Blindecor Juvenil Zapatillas;Estor juvenil con estampado digital moderno. Diseños de aficiones favoritas, precio barato, a medida y envío gratis.;6533-estor-enrollable-blindecor-basic-juvenil-zapatillas
upsert;margin-right: auto;width=342 height=114 /></p>;width=342 height=114 /></p>;Estor enrollable liso económico con diseño actual. Tejido traslúcido u opaco, medidas a tu medida y envío gratis en toda España.;margin-right: auto-width-342-height-114-p
upsert;6534;Blindecor T2-J-57425 Estor Enrollable Estampado Digital Basic Juvenil Tejido Traslúcido;Blindecor Estor Enrollable Estampado Digital Juvenil Traslúcido;Decora tu habitación juvenil con estores digitales exclusivos. Diseños modernos, económicos, a medida y envío gratuito.;6534-blindecor-t2-j-57425-estor-enrollable-estampado-digital-basic-juvenil-tejido-traslucido
upsert;margin-right: auto;width=342 height=114 /></p>;width=342 height=114 /></p>;Estores lisos modernos al mejor precio. Múltiples colores, tejido translúcido u opaco, medidas personalizadas y envío gratuito.;margin-right: auto-width-342-height-114-p
upsert;6535;Blindecor T2-J-87318 Estor Enrollable Estampado Digital Basic Juvenil Tejido Traslúcido;Blindecor Estor Enrollable Estampado Digital Juvenil Traslúcido;Estor juvenil de diseño original con impresión digital. Deportes y aficiones en tu ventana, barato, a medida y envío gratis.;6535-blindecor-t2-j-87318-estor-enrollable-estampado-digital-basic-juvenil-tejido-traslucido
upsert;margin-right: auto;width=342 height=114 /></p>;width=342 height=114 /></p>;Estor liso noche y día económico con sistema de doble tejido. Diseño elegante, medidas a medida y envío gratis.;margin-right: auto-width-342-height-114-p
upsert;6536;Blindecor T2-J-40672 Estor Enrollable Estampado Digital Basic Juvenil Tejido Traslúcido;Blindecor Estor Enrollable Estampado Digital Juvenil Traslúcido;Estor juvenil con estampado digital de diseños modernos. Deportes y aficiones favoritas, medidas personalizadas, precio barato y envío gratis.;6536-blindecor-t2-j-40672-estor-enrollable-estampado-digital-basic-juvenil-tejido-traslucido
upsert;margin-right: auto;width=342 height=114 /></p>;width=342 height=114 /></p>;Estor liso de calidad en tejido translúcido o tipo noche y día. Económico, a medida y envío gratuito en todos tus pedidos.;margin-right: auto-width-342-height-114-p
upsert;6537;Blindecor T3-J-10851 Estor Enrollable Estampado Digital Basic Juvenil Tejido Traslúcido;Blindecor Estor Enrollable Estampado Digital Juvenil Traslúcido;Estores digitales juveniles con temáticas modernas de deporte y moda. Económicos, a medida y envío gratuito. ¡Estilo garantizado!;6537-blindecor-t3-j-10851-estor-enrollable-estampado-digital-basic-juvenil-tejido-traslucido
upsert;margin-right: auto;width=342 height=114 /></p>;width=342 height=114 /></p>;Estor liso de alta calidad con tejido translúcido u opaco. Colores modernos, medidas personalizadas y envío gratis. ¡Al mejor precio!;margin-right: auto-width-342-height-114-p
upsert;6538;Blindecor T2-J-66807 Estor Enrollable Estampado Digital Basic Juvenil Tejido Traslúcido;Blindecor Estor Enrollable Estampado Digital Juvenil Traslúcido;Estor juvenil con estampado digital moderno. Diseños de aficiones favoritas, precio barato, a medida y envío gratis.;6538-blindecor-t2-j-66807-estor-enrollable-estampado-digital-basic-juvenil-tejido-traslucido
upsert;margin-right: auto;width=342 height=114 /></p>;width=342 height=114 /></p>;Estor enrollable liso económico con diseño actual. Tejido traslúcido u opaco, medidas a tu medida y envío gratis en toda España.;margin-right: auto-width-342-height-114-p
upsert;6539;Blindecor T2-J-29882 Estor Enrollable Estampado Digital Basic Juvenil Tejido Traslúcido;Blindecor Estor Enrollable Estampado Digital Juvenil Traslúcido;Decora tu habitación juvenil con estores digitales exclusivos. Diseños modernos, económicos, a medida y envío gratuito.;6539-blindecor-t2-j-29882-estor-enrollable-estampado-digital-basic-juvenil-tejido-traslucido
upsert;margin-right: auto;width=342 height=114 /></p>;width=342 height=114 /></p>;Estores lisos modernos al mejor precio. Múltiples colores, tejido translúcido u opaco, medidas personalizadas y envío gratuito.;margin-right: auto-width-342-height-114-p
upsert;6540;Blindecor T2-J-37728 Estor Enrollable Estampado Digital Basic Juvenil Tejido Traslúcido;Blindecor Estor Enrollable Estampado Digital Juvenil Traslúcido;Estor juvenil de diseño original con impresión digital. Deportes y aficiones en tu ventana, barato, a medida y envío gratis.;6540-blindecor-t2-j-37728-estor-enrollable-estampado-digital-basic-juvenil-tejido-traslucido
upsert;margin-right: auto;width=342 height=114 /></p>;width=342 height=114 /></p>;Estor liso noche y día económico con sistema de doble tejido. Diseño elegante, medidas a medida y envío gratis.;margin-right: auto-width-342-height-114-p
upsert;6541;Blindecor T2-J-15064 Estor Enrollable Estampado Digital Basic Juvenil Tejido Traslúcido;Blindecor Estor Enrollable Estampado Digital Juvenil Traslúcido;Estor juvenil con estampado digital de diseños modernos. Deportes y aficiones favoritas, medidas personalizadas, precio barato y envío gratis.;6541-blindecor-t2-j-15064-estor-enrollable-estampado-digital-basic-juvenil-tejido-traslucido
upsert;margin-right: auto;width=342 height=114 /></p>;width=342 height=114 /></p>;Estor liso de calidad en tejido translúcido o tipo noche y día. Económico, a medida y envío gratuito en todos tus pedidos.;margin-right: auto-width-342-height-114-p
upsert;6542;Blindecor T3-J-46931 Estor Enrollable Estampado Digital Basic Juvenil Tejido Traslúcido;Blindecor Estor Enrollable Estampado Digital Juvenil Traslúcido;Estores digitales juveniles con temáticas modernas de deporte y moda. Económicos, a medida y envío gratuito. ¡Estilo garantizado!;6542-blindecor-t3-j-46931-estor-enrollable-estampado-digital-basic-juvenil-tejido-traslucido
upsert;margin-right: auto;width=342 height=114 /></p>;width=342 height=114 /></p>;Estor liso de alta calidad con tejido translúcido u opaco. Colores modernos, medidas personalizadas y envío gratis. ¡Al mejor precio!;margin-right: auto-width-342-height-114-p
upsert;6543;Blindecor T2-J-27908 Estor Enrollable Estampado Digital Basic Juvenil Tejido Traslúcido;Blindecor Estor Enrollable Estampado Digital Juvenil Traslúcido;Estor juvenil con estampado digital moderno. Diseños de aficiones favoritas, precio barato, a medida y envío gratis.;6543-blindecor-t2-j-27908-estor-enrollable-estampado-digital-basic-juvenil-tejido-traslucido
upsert;margin-right: auto;width=342 height=114 /></p>;width=342 height=114 /></p>;Estor enrollable liso económico con diseño actual. Tejido traslúcido u opaco, medidas a tu medida y envío gratis en toda España.;margin-right: auto-width-342-height-114-p
upsert;6544;Blindecor T2-J-37724 Estor Enrollable Estampado Digital Basic Juvenil Tejido Traslúcido;Blindecor Estor Enrollable Estampado Digital Juvenil Traslúcido;Decora tu habitación juvenil con estores digitales exclusivos. Diseños modernos, económicos, a medida y envío gratuito.;6544-blindecor-t2-j-37724-estor-enrollable-estampado-digital-basic-juvenil-tejido-traslucido
upsert;margin-right: auto;width=342 height=114 /></p>;width=342 height=114 /></p>;Estores lisos modernos al mejor precio. Múltiples colores, tejido translúcido u opaco, medidas personalizadas y envío gratuito.;margin-right: auto-width-342-height-114-p
upsert;6545;Blindecor T2-J-86114 Estor Enrollable Estampado Digital Basic Juvenil Tejido Traslúcido;Blindecor Estor Enrollable Estampado Digital Juvenil Traslúcido;Estor juvenil de diseño original con impresión digital. Deportes y aficiones en tu ventana, barato, a medida y envío gratis.;6545-blindecor-t2-j-86114-estor-enrollable-estampado-digital-basic-juvenil-tejido-traslucido
upsert;margin-right: auto;width=342 height=114 /></p>;width=342 height=114 /></p>;Estor liso noche y día económico con sistema de doble tejido. Diseño elegante, medidas a medida y envío gratis.;margin-right: auto-width-342-height-114-p
upsert;6546;Blindecor T2-J-37673 Estor Enrollable Estampado Digital Basic Juvenil Tejido Traslúcido;Blindecor Estor Enrollable Estampado Digital Juvenil Traslúcido;Estor juvenil con estampado digital de diseños modernos. Deportes y aficiones favoritas, medidas personalizadas, precio barato y envío gratis.;6546-blindecor-t2-j-37673-estor-enrollable-estampado-digital-basic-juvenil-tejido-traslucido
upsert;margin-right: auto;width=342 height=114 /></p>;width=342 height=114 /></p>;Estor liso de calidad en tejido translúcido o tipo noche y día. Económico, a medida y envío gratuito en todos tus pedidos.;margin-right: auto-width-342-height-114-p
upsert;6547;Blindecor T2-J-42503 Estor Enrollable Estampado Digital Basic Juvenil Tejido Traslúcido;Blindecor Estor Enrollable Estampado Digital Juvenil Traslúcido;Estores digitales juveniles con temáticas modernas de deporte y moda. Económicos, a medida y envío gratuito. ¡Estilo garantizado!;6547-blindecor-t2-j-42503-estor-enrollable-estampado-digital-basic-juvenil-tejido-traslucido
upsert;margin-right: auto;width=342 height=114 /></p>;width=342 height=114 /></p>;Estor liso de alta calidad con tejido translúcido u opaco. Colores modernos, medidas personalizadas y envío gratis. ¡Al mejor precio!;margin-right: auto-width-342-height-114-p
upsert;6548;Blindecor T2-J-29414 Estor Enrollable Estampado Digital Basic Juvenil Tejido Traslúcido;Blindecor Estor Enrollable Estampado Digital Juvenil Traslúcido;Estor juvenil con estampado digital moderno. Diseños de aficiones favoritas, precio barato, a medida y envío gratis.;6548-blindecor-t2-j-29414-estor-enrollable-estampado-digital-basic-juvenil-tejido-traslucido
upsert;margin-right: auto;width=342 height=114 /></p>;width=342 height=114 /></p>;Estor enrollable liso económico con diseño actual. Tejido traslúcido u opaco, medidas a tu medida y envío gratis en toda España.;margin-right: auto-width-342-height-114-p
upsert;6549;Blindecor T2-J-47778 Estor Enrollable Estampado Digital Basic Juvenil Tejido Traslúcido;Blindecor Estor Enrollable Estampado Digital Juvenil Traslúcido;Decora tu habitación juvenil con estores digitales exclusivos. Diseños modernos, económicos, a medida y envío gratuito.;6549-blindecor-t2-j-47778-estor-enrollable-estampado-digital-basic-juvenil-tejido-traslucido
upsert;margin-right: auto;width=342 height=114 /></p>;width=342 height=114 /></p>;Estores lisos modernos al mejor precio. Múltiples colores, tejido translúcido u opaco, medidas personalizadas y envío gratuito.;margin-right: auto-width-342-height-114-p
upsert;6551;Blindecor T3-U-82869 Estor Enrollable Estampado Digital Ciudades Basic Tejido Traslúcido;Blindecor Estor Enrollable Estampado Digital Ciudades Traslúcido;Estor con estampado digital de ciudades del mundo. Diseños modernos y exclusivos, medidas personalizadas, precio económico y envío gratis.;6551-blindecor-t3-u-82869-estor-enrollable-estampado-digital-ciudades-basic-tejido-traslucido
upsert;margin-right: auto;width=342 height=114 /></p>;width=342 height=114 /></p>;Estor liso noche y día económico con sistema de doble tejido. Diseño elegante, medidas a medida y envío gratis.;margin-right: auto-width-342-height-114-p
upsert;6552;Blindecor T3-U-45109 Estor Enrollable Estampado Digital Ciudades Basic Tejido Traslúcido;Blindecor Estor Enrollable Estampado Digital Ciudades Traslúcido;Estores digitales con vistas de las ciudades más famosas del mundo. Diseño moderno, medidas a medida, precio barato y envío gratuito.;6552-blindecor-t3-u-45109-estor-enrollable-estampado-digital-ciudades-basic-tejido-traslucido
upsert;margin-right: auto;width=342 height=114 /></p>;width=342 height=114 /></p>;Estor liso de calidad en tejido translúcido o tipo noche y día. Económico, a medida y envío gratuito en todos tus pedidos.;margin-right: auto-width-342-height-114-p
upsert;6553;Blindecor T3-U-70905 Estor Enrollable Estampado Digital Ciudades Basic Tejido Traslúcido;Blindecor Estor Enrollable Estampado Digital Ciudades Traslúcido;Viaja con tu mirada con estores digitales de ciudades. Estampado de alta calidad, económico, a medida y envío gratis.;6553-blindecor-t3-u-70905-estor-enrollable-estampado-digital-ciudades-basic-tejido-traslucido
upsert;margin-right: auto;width=342 height=114 /></p>;width=342 height=114 /></p>;Estor liso de alta calidad con tejido translúcido u opaco. Colores modernos, medidas personalizadas y envío gratis. ¡Al mejor precio!;margin-right: auto-width-342-height-114-p
upsert;6554;Blindecor T3-U-59201 Estor Enrollable Estampado Digital Ciudades Basic Tejido Traslúcido;Blindecor Estor Enrollable Estampado Digital Ciudades Traslúcido;Estor con impresión digital de ciudades únicas del mundo. Diseño moderno y colorido, medidas a medida, barato y envío gratuito.;6554-blindecor-t3-u-59201-estor-enrollable-estampado-digital-ciudades-basic-tejido-traslucido
upsert;margin-right: auto;width=342 height=114 /></p>;width=342 height=114 /></p>;Estor enrollable liso económico con diseño actual. Tejido traslúcido u opaco, medidas a tu medida y envío gratis en toda España.;margin-right: auto-width-342-height-114-p
upsert;6555;Blindecor T3-U-62004 Estor Enrollable Estampado Digital Ciudades Basic Tejido Traslúcido;Blindecor Estor Enrollable Estampado Digital Ciudades Traslúcido;Estor digital de ciudades del mundo. Diseños exclusivos, precio económico, medidas personalizadas y envío gratuito.;6555-blindecor-t3-u-62004-estor-enrollable-estampado-digital-ciudades-basic-tejido-traslucido
upsert;margin-right: auto;width=342 height=114 /></p>;width=342 height=114 /></p>;Estores lisos modernos al mejor precio. Múltiples colores, tejido translúcido u opaco, medidas personalizadas y envío gratuito.;margin-right: auto-width-342-height-114-p
upsert;6556;Blindecor T2-U-79058 Estor Enrollable Estampado Digital Ciudades Basic Tejido Traslúcido;Blindecor Estor Enrollable Estampado Digital Ciudades Traslúcido;Estor con estampado digital de ciudades del mundo. Diseños modernos y exclusivos, medidas personalizadas, precio económico y envío gratis.;6556-blindecor-t2-u-79058-estor-enrollable-estampado-digital-ciudades-basic-tejido-traslucido
upsert;margin-right: auto;width=342 height=114 /></p>;width=342 height=114 /></p>;Estor liso noche y día económico con sistema de doble tejido. Diseño elegante, medidas a medida y envío gratis.;margin-right: auto-width-342-height-114-p
upsert;6557;Blindecor T3-U-05725 Estor Enrollable Estampado Digital Ciudades Basic Tejido Traslúcido;Blindecor Estor Enrollable Estampado Digital Ciudades Traslúcido;Estores digitales con vistas de las ciudades más famosas del mundo. Diseño moderno, medidas a medida, precio barato y envío gratuito.;6557-blindecor-t3-u-05725-estor-enrollable-estampado-digital-ciudades-basic-tejido-traslucido
upsert;margin-right: auto;width=342 height=114 /></p>;width=342 height=114 /></p>;Estor liso de calidad en tejido translúcido o tipo noche y día. Económico, a medida y envío gratuito en todos tus pedidos.;margin-right: auto-width-342-height-114-p
upsert;6558;Blindecor T3-U-11289 Estor Enrollable Estampado Digital Ciudades Basic Tejido Traslúcido;Blindecor Estor Enrollable Estampado Digital Ciudades Traslúcido;Viaja con tu mirada con estores digitales de ciudades. Estampado de alta calidad, económico, a medida y envío gratis.;6558-blindecor-t3-u-11289-estor-enrollable-estampado-digital-ciudades-basic-tejido-traslucido
upsert;margin-right: auto;width=342 height=114 /></p>;width=342 height=114 /></p>;Estor liso de alta calidad con tejido translúcido u opaco. Colores modernos, medidas personalizadas y envío gratis. ¡Al mejor precio!;margin-right: auto-width-342-height-114-p
upsert;6559;Blindecor T2-U-59460 Estor Enrollable Estampado Digital Ciudades Basic Tejido Traslúcido;Blindecor Estor Enrollable Estampado Digital Ciudades Traslúcido;Estor con impresión digital de ciudades únicas del mundo. Diseño moderno y colorido, medidas a medida, barato y envío gratuito.;6559-blindecor-t2-u-59460-estor-enrollable-estampado-digital-ciudades-basic-tejido-traslucido
upsert;margin-right: auto;width=342 height=114 /></p>;width=342 height=114 /></p>;Estor enrollable liso económico con diseño actual. Tejido traslúcido u opaco, medidas a tu medida y envío gratis en toda España.;margin-right: auto-width-342-height-114-p
upsert;6560;Blindecor T3-U-27436 Estor Enrollable Estampado Digital Ciudades Basic Tejido Traslúcido;Blindecor Estor Enrollable Estampado Digital Ciudades Traslúcido;Estor digital de ciudades del mundo. Diseños exclusivos, precio económico, medidas personalizadas y envío gratuito.;6560-blindecor-t3-u-27436-estor-enrollable-estampado-digital-ciudades-basic-tejido-traslucido
upsert;margin-right: auto;width=342 height=114 /></p>;width=342 height=114 /></p>;Estores lisos modernos al mejor precio. Múltiples colores, tejido translúcido u opaco, medidas personalizadas y envío gratuito.;margin-right: auto-width-342-height-114-p
upsert;6561;Blindecor T3-U-14817 Estor Enrollable Estampado Digital Ciudades Basic Tejido Traslúcido;Blindecor Estor Enrollable Estampado Digital Ciudades Traslúcido;Estor con estampado digital de ciudades del mundo. Diseños modernos y exclusivos, medidas personalizadas, precio económico y envío gratis.;6561-blindecor-t3-u-14817-estor-enrollable-estampado-digital-ciudades-basic-tejido-traslucido
upsert;margin-right: auto;width=342 height=114 /></p>;width=342 height=114 /></p>;Estor liso noche y día económico con sistema de doble tejido. Diseño elegante, medidas a medida y envío gratis.;margin-right: auto-width-342-height-114-p
upsert;6562;Blindecor T3-P-20896 Estor Enrollable Estampado Digital Paisajes Basic Tejido Traslúcido;Blindecor Estor Enrollable Estampado Digital Paisajes Traslúcido;Estor con estampado digital de paisajes naturales. Diseños relajantes, medidas personalizadas, precio económico y envío gratis.;6562-blindecor-t3-p-20896-estor-enrollable-estampado-digital-paisajes-basic-tejido-traslucido
upsert;margin-right: auto;width=342 height=114 /></p>;width=342 height=114 /></p>;Estor liso de calidad en tejido translúcido o tipo noche y día. Económico, a medida y envío gratuito en todos tus pedidos.;margin-right: auto-width-342-height-114-p
upsert;6563;Blindecor T3-P-58742 Estor Enrollable Estampado Digital Paisajes Basic Tejido Traslúcido;Blindecor Estor Enrollable Estampado Digital Paisajes Traslúcido;Estores digitales con impresionantes paisajes naturales. Relajantes y modernos, económicos, a medida y envío gratuito.;6563-blindecor-t3-p-58742-estor-enrollable-estampado-digital-paisajes-basic-tejido-traslucido
upsert;margin-right: auto;width=342 height=114 /></p>;width=342 height=114 /></p>;Estor liso de alta calidad con tejido translúcido u opaco. Colores modernos, medidas personalizadas y envío gratis. ¡Al mejor precio!;margin-right: auto-width-342-height-114-p
upsert;6564;Blindecor T3-P-30761 Estor Enrollable Estampado Digital Paisajes Basic Tejido Traslúcido;Blindecor Estor Enrollable Estampado Digital Paisajes Traslúcido;Decora con belleza natural con estores digitales de paisajes. Diseños únicos, medidas personalizadas, barato y envío gratis.;6564-blindecor-t3-p-30761-estor-enrollable-estampado-digital-paisajes-basic-tejido-traslucido
upsert;margin-right: auto;width=342 height=114 /></p>;width=342 height=114 /></p>;Estor enrollable liso económico con diseño actual. Tejido traslúcido u opaco, medidas a tu medida y envío gratis en toda España.;margin-right: auto-width-342-height-114-p
upsert;6565;Blindecor T3-P-90996 Estor Enrollable Estampado Digital Paisajes Basic Tejido Traslúcido;Blindecor Estor Enrollable Estampado Digital Paisajes Traslúcido;Estor con impresión digital de paisajes del mundo. Diseño relajante y exclusivo, económico, a medida y envío gratuito.;6565-blindecor-t3-p-90996-estor-enrollable-estampado-digital-paisajes-basic-tejido-traslucido
upsert;margin-right: auto;width=342 height=114 /></p>;width=342 height=114 /></p>;Estores lisos modernos al mejor precio. Múltiples colores, tejido translúcido u opaco, medidas personalizadas y envío gratuito.;margin-right: auto-width-342-height-114-p
upsert;6566;Blindecor T3-P-33841 Estor Enrollable Estampado Digital Paisajes Basic Tejido Traslúcido;Blindecor Estor Enrollable Estampado Digital Paisajes Traslúcido;Transforma tu hogar con estores de paisajes digitales. Diseños naturales modernos, precio económico, a medida y envío gratis.;6566-blindecor-t3-p-33841-estor-enrollable-estampado-digital-paisajes-basic-tejido-traslucido
upsert;margin-right: auto;width=342 height=114 /></p>;width=342 height=114 /></p>;Estor liso noche y día económico con sistema de doble tejido. Diseño elegante, medidas a medida y envío gratis.;margin-right: auto-width-342-height-114-p
upsert;6567;Blindecor T3-P-01226 Estor Enrollable Estampado Digital Paisajes Basic Tejido Traslúcido;Blindecor Estor Enrollable Estampado Digital Paisajes Traslúcido;Estor con estampado digital de paisajes naturales. Diseños relajantes, medidas personalizadas, precio económico y envío gratis.;6567-blindecor-t3-p-01226-estor-enrollable-estampado-digital-paisajes-basic-tejido-traslucido
upsert;margin-right: auto;width=342 height=114 /></p>;width=342 height=114 /></p>;Estor liso de calidad en tejido translúcido o tipo noche y día. Económico, a medida y envío gratuito en todos tus pedidos.;margin-right: auto-width-342-height-114-p
upsert;6568;Blindecor T3-P-97413 Estor Enrollable Estampado Digital Paisajes Basic Tejido Traslúcido;Blindecor Estor Enrollable Estampado Digital Paisajes Traslúcido;Estores digitales con impresionantes paisajes naturales. Relajantes y modernos, económicos, a medida y envío gratuito.;6568-blindecor-t3-p-97413-estor-enrollable-estampado-digital-paisajes-basic-tejido-traslucido
upsert;margin-right: auto;width=342 height=114 /></p>;width=342 height=114 /></p>;Estor liso de alta calidad con tejido translúcido u opaco. Colores modernos, medidas personalizadas y envío gratis. ¡Al mejor precio!;margin-right: auto-width-342-height-114-p
upsert;6569;Blindecor T3-P-32078 Estor Enrollable Estampado Digital Paisajes Basic Tejido Traslúcido;Blindecor Estor Enrollable Estampado Digital Paisajes Traslúcido;Decora con belleza natural con estores digitales de paisajes. Diseños únicos, medidas personalizadas, barato y envío gratis.;6569-blindecor-t3-p-32078-estor-enrollable-estampado-digital-paisajes-basic-tejido-traslucido
upsert;margin-right: auto;width=342 height=114 /></p>;width=342 height=114 /></p>;Estor enrollable liso económico con diseño actual. Tejido traslúcido u opaco, medidas a tu medida y envío gratis en toda España.;margin-right: auto-width-342-height-114-p
upsert;6570;Blindecor T3-P-51466 Estor Enrollable Estampado Digital Paisajes Basic Tejido Traslúcido;Blindecor Estor Enrollable Estampado Digital Paisajes Traslúcido;Estor con impresión digital de paisajes del mundo. Diseño relajante y exclusivo, económico, a medida y envío gratuito.;6570-blindecor-t3-p-51466-estor-enrollable-estampado-digital-paisajes-basic-tejido-traslucido
upsert;margin-right: auto;width=342 height=114 /></p>;width=342 height=114 /></p>;Estores lisos modernos al mejor precio. Múltiples colores, tejido translúcido u opaco, medidas personalizadas y envío gratuito.;margin-right: auto-width-342-height-114-p
upsert;6571;Blindecor T3-P-76817 Estor Enrollable Estampado Digital Paisajes Basic Tejido Traslúcido;Blindecor Estor Enrollable Estampado Digital Paisajes Traslúcido;Transforma tu hogar con estores de paisajes digitales. Diseños naturales modernos, precio económico, a medida y envío gratis.;6571-blindecor-t3-p-76817-estor-enrollable-estampado-digital-paisajes-basic-tejido-traslucido
upsert;margin-right: auto;width=342 height=114 /></p>;width=342 height=114 /></p>;Estor liso noche y día económico con sistema de doble tejido. Diseño elegante, medidas a medida y envío gratis.;margin-right: auto-width-342-height-114-p
upsert;6572;Blindecor T3-P-72600 Estor Enrollable Estampado Digital Paisajes Basic Tejido Traslúcido;Blindecor Estor Enrollable Estampado Digital Paisajes Traslúcido;Estor con estampado digital de paisajes naturales. Diseños relajantes, medidas personalizadas, precio económico y envío gratis.;6572-blindecor-t3-p-72600-estor-enrollable-estampado-digital-paisajes-basic-tejido-traslucido
upsert;margin-right: auto;width=342 height=114 /></p>;width=342 height=114 /></p>;Estor liso de calidad en tejido translúcido o tipo noche y día. Económico, a medida y envío gratuito en todos tus pedidos.;margin-right: auto-width-342-height-114-p
upsert;6573;Blindecor T3-P-96217 Estor Enrollable Estampado Digital Paisajes Basic Tejido Traslúcido;Blindecor Estor Enrollable Estampado Digital Paisajes Traslúcido;Estores digitales con impresionantes paisajes naturales. Relajantes y modernos, económicos, a medida y envío gratuito.;6573-blindecor-t3-p-96217-estor-enrollable-estampado-digital-paisajes-basic-tejido-traslucido
upsert;margin-right: auto;width=342 height=114 /></p>;width=342 height=114 /></p>;Estor liso de alta calidad con tejido translúcido u opaco. Colores modernos, medidas personalizadas y envío gratis. ¡Al mejor precio!;margin-right: auto-width-342-height-114-p
upsert;6574;Blindecor T3-P-98791 Estor Enrollable Estampado Digital Paisajes Basic Tejido Traslúcido;Blindecor Estor Enrollable Estampado Digital Paisajes Traslúcido;Decora con belleza natural con estores digitales de paisajes. Diseños únicos, medidas personalizadas, barato y envío gratis.;6574-blindecor-t3-p-98791-estor-enrollable-estampado-digital-paisajes-basic-tejido-traslucido
upsert;margin-right: auto;width=342 height=114 /></p>;width=342 height=114 /></p>;Estor enrollable liso económico con diseño actual. Tejido traslúcido u opaco, medidas a tu medida y envío gratis en toda España.;margin-right: auto-width-342-height-114-p
upsert;6575;Blindecor T3-P-01453 Estor Enrollable Estampado Digital Paisajes Basic Tejido Traslúcido;Blindecor Estor Enrollable Estampado Digital Paisajes Traslúcido;Estor con impresión digital de paisajes del mundo. Diseño relajante y exclusivo, económico, a medida y envío gratuito.;6575-blindecor-t3-p-01453-estor-enrollable-estampado-digital-paisajes-basic-tejido-traslucido
upsert;margin-right: auto;width=342 height=114 /></p>;width=342 height=114 /></p>;Estores lisos modernos al mejor precio. Múltiples colores, tejido translúcido u opaco, medidas personalizadas y envío gratuito.;margin-right: auto-width-342-height-114-p
upsert;6576;Blindecor T3-P-18804 Estor Enrollable Estampado Digital Paisajes Basic Tejido Traslúcido;Blindecor Estor Enrollable Estampado Digital Paisajes Traslúcido;Transforma tu hogar con estores de paisajes digitales. Diseños naturales modernos, precio económico, a medida y envío gratis.;6576-blindecor-t3-p-18804-estor-enrollable-estampado-digital-paisajes-basic-tejido-traslucido
upsert;margin-right: auto;width=342 height=114 /></p>;width=342 height=114 /></p>;Estor liso noche y día económico con sistema de doble tejido. Diseño elegante, medidas a medida y envío gratis.;margin-right: auto-width-342-height-114-p
upsert;6577;Blindecor T3-P-04238 Estor Enrollable Estampado Digital Paisajes Basic Tejido Traslúcido;Blindecor Estor Enrollable Estampado Digital Paisajes Traslúcido;Estor con estampado digital de paisajes naturales. Diseños relajantes, medidas personalizadas, precio económico y envío gratis.;6577-blindecor-t3-p-04238-estor-enrollable-estampado-digital-paisajes-basic-tejido-traslucido
upsert;margin-right: auto;width=342 height=114 /></p>;width=342 height=114 /></p>;Estor liso de calidad en tejido translúcido o tipo noche y día. Económico, a medida y envío gratuito en todos tus pedidos.;margin-right: auto-width-342-height-114-p
upsert;6578;Blindecor T3-P-46510 Estor Enrollable Estampado Digital Paisajes Basic Tejido Traslúcido;Blindecor Estor Enrollable Estampado Digital Paisajes Traslúcido;Estores digitales con impresionantes paisajes naturales. Relajantes y modernos, económicos, a medida y envío gratuito.;6578-blindecor-t3-p-46510-estor-enrollable-estampado-digital-paisajes-basic-tejido-traslucido
upsert;margin-right: auto;width=342 height=114 /></p>;width=342 height=114 /></p>;Estor liso de alta calidad con tejido translúcido u opaco. Colores modernos, medidas personalizadas y envío gratis. ¡Al mejor precio!;margin-right: auto-width-342-height-114-p
upsert;6579;Blindecor T3-P-43567 Estor Enrollable Estampado Digital Paisajes Basic Tejido Traslúcido;Blindecor Estor Enrollable Estampado Digital Paisajes Traslúcido;Decora con belleza natural con estores digitales de paisajes. Diseños únicos, medidas personalizadas, barato y envío gratis.;6579-blindecor-t3-p-43567-estor-enrollable-estampado-digital-paisajes-basic-tejido-traslucido
upsert;margin-right: auto;width=342 height=114 /></p>;width=342 height=114 /></p>;Estor enrollable liso económico con diseño actual. Tejido traslúcido u opaco, medidas a tu medida y envío gratis en toda España.;margin-right: auto-width-342-height-114-p
upsert;6580;Blindecor T3-P-00227 Estor Enrollable Estampado Digital Paisajes Basic Tejido Traslúcido;Blindecor Estor Enrollable Estampado Digital Paisajes Traslúcido;Estor con impresión digital de paisajes del mundo. Diseño relajante y exclusivo, económico, a medida y envío gratuito.;6580-blindecor-t3-p-00227-estor-enrollable-estampado-digital-paisajes-basic-tejido-traslucido
upsert;margin-right: auto;width=342 height=114 /></p>;width=342 height=114 /></p>;Estores lisos modernos al mejor precio. Múltiples colores, tejido translúcido u opaco, medidas personalizadas y envío gratuito.;margin-right: auto-width-342-height-114-p
upsert;6581;Blindecor T3-P-84320 Estor Enrollable Estampado Digital Paisajes Basic Tejido Traslúcido;Blindecor Estor Enrollable Estampado Digital Paisajes Traslúcido;Transforma tu hogar con estores de paisajes digitales. Diseños naturales modernos, precio económico, a medida y envío gratis.;6581-blindecor-t3-p-84320-estor-enrollable-estampado-digital-paisajes-basic-tejido-traslucido
upsert;margin-right: auto;width=342 height=114 /></p>;width=342 height=114 /></p>;Estor liso noche y día económico con sistema de doble tejido. Diseño elegante, medidas a medida y envío gratis.;margin-right: auto-width-342-height-114-p
upsert;6582;Blindecor T3-P-59381 Estor Enrollable Estampado Digital Paisajes Basic Tejido Traslúcido;Blindecor Estor Enrollable Estampado Digital Paisajes Traslúcido;Estor con estampado digital de paisajes naturales. Diseños relajantes, medidas personalizadas, precio económico y envío gratis.;6582-blindecor-t3-p-59381-estor-enrollable-estampado-digital-paisajes-basic-tejido-traslucido
upsert;margin-right: auto;width=342 height=114 /></p>;width=342 height=114 /></p>;Estor liso de calidad en tejido translúcido o tipo noche y día. Económico, a medida y envío gratuito en todos tus pedidos.;margin-right: auto-width-342-height-114-p
upsert;6583;Blindecor T3-P-82223 Estor Enrollable Estampado Digital Paisajes Basic Tejido Traslúcido;Blindecor Estor Enrollable Estampado Digital Paisajes Traslúcido;Estores digitales con impresionantes paisajes naturales. Relajantes y modernos, económicos, a medida y envío gratuito.;6583-blindecor-t3-p-82223-estor-enrollable-estampado-digital-paisajes-basic-tejido-traslucido
upsert;margin-right: auto;width=342 height=114 /></p>;width=342 height=114 /></p>;Estor liso de alta calidad con tejido translúcido u opaco. Colores modernos, medidas personalizadas y envío gratis. ¡Al mejor precio!;margin-right: auto-width-342-height-114-p
upsert;6584;Blindecor T3-P-89238 Estor Enrollable Estampado Digital Paisajes Basic Tejido Traslúcido;Blindecor Estor Enrollable Estampado Digital Paisajes Traslúcido;Decora con belleza natural con estores digitales de paisajes. Diseños únicos, medidas personalizadas, barato y envío gratis.;6584-blindecor-t3-p-89238-estor-enrollable-estampado-digital-paisajes-basic-tejido-traslucido
upsert;margin-right: auto;width=342 height=114 /></p>;width=342 height=114 /></p>;Estor enrollable liso económico con diseño actual. Tejido traslúcido u opaco, medidas a tu medida y envío gratis en toda España.;margin-right: auto-width-342-height-114-p
upsert;6585;Blindecor T3-P-87817 Estor Enrollable Estampado Digital Paisajes Basic Tejido Traslúcido;Blindecor Estor Enrollable Estampado Digital Paisajes Traslúcido;Estor con impresión digital de paisajes del mundo. Diseño relajante y exclusivo, económico, a medida y envío gratuito.;6585-blindecor-t3-p-87817-estor-enrollable-estampado-digital-paisajes-basic-tejido-traslucido
upsert;margin-right: auto;width=342 height=114 /></p>;width=342 height=114 /></p>;Estores lisos modernos al mejor precio. Múltiples colores, tejido translúcido u opaco, medidas personalizadas y envío gratuito.;margin-right: auto-width-342-height-114-p
upsert;6586;Blindecor T1-C-00980 Estor Enrollable Estampado Digital Basic Cocina Tejido Traslúcido;Blindecor Estor Enrollable Estampado Digital Cocina Traslúcido;Estor con estampado digital para cocina. Diseños modernos gastronómicos, medidas personalizadas, precio económico y envío gratis.;6586-blindecor-t1-c-00980-estor-enrollable-estampado-digital-basic-cocina-tejido-traslucido
upsert;margin-right: auto;width=342 height=114 /></p>;width=342 height=114 /></p>;Estor liso noche y día económico con sistema de doble tejido. Diseño elegante, medidas a medida y envío gratis.;margin-right: auto-width-342-height-114-p
upsert;6587;Blindecor T2-C-01437 Estor Enrollable Estampado Digital Basic Cocina Tejido Traslúcido;Blindecor Estor Enrollable Estampado Digital Cocina Traslúcido;Estores digitales para cocina con diseños únicos y modernos. A tu medida, precio barato y envío gratuito en toda España.;6587-blindecor-t2-c-01437-estor-enrollable-estampado-digital-basic-cocina-tejido-traslucido
upsert;margin-right: auto;width=342 height=114 /></p>;width=342 height=114 /></p>;Estor liso de calidad en tejido translúcido o tipo noche y día. Económico, a medida y envío gratuito en todos tus pedidos.;margin-right: auto-width-342-height-114-p
upsert;6588;Blindecor T1-C-69443 Estor Enrollable Estampado Digital Basic Cocina Tejido Traslúcido;Blindecor Estor Enrollable Estampado Digital Cocina Traslúcido;Dale estilo a tu cocina con estores digitales exclusivos. Diseños temáticos modernos, a medida, precio económico y envío gratis.;6588-blindecor-t1-c-69443-estor-enrollable-estampado-digital-basic-cocina-tejido-traslucido
upsert;margin-right: auto;width=342 height=114 /></p>;width=342 height=114 /></p>;Estor liso de alta calidad con tejido translúcido u opaco. Colores modernos, medidas personalizadas y envío gratis. ¡Al mejor precio!;margin-right: auto-width-342-height-114-p
upsert;6589;Blindecor T2-C-67585 Estor Enrollable Estampado Digital Basic Cocina Tejido Traslúcido;Blindecor Estor Enrollable Estampado Digital Cocina Traslúcido;Estor digital para cocina de alta calidad. Bonitos diseños gastronómicos exclusivos, económico, a medida y envío gratuito.;6589-blindecor-t2-c-67585-estor-enrollable-estampado-digital-basic-cocina-tejido-traslucido
upsert;margin-right: auto;width=342 height=114 /></p>;width=342 height=114 /></p>;Estor enrollable liso económico con diseño actual. Tejido traslúcido u opaco, medidas a tu medida y envío gratis en toda España.;margin-right: auto-width-342-height-114-p
upsert;6590;Blindecor T3-C-51282 Estor Enrollable Estampado Digital Basic Cocina Tejido Traslúcido;Blindecor Estor Enrollable Estampado Digital Cocina Traslúcido;Estores digitales para cocinas modernas y originales. Precio barato, medidas a medida, instalación fácil y envío gratis.;6590-blindecor-t3-c-51282-estor-enrollable-estampado-digital-basic-cocina-tejido-traslucido
upsert;margin-right: auto;width=342 height=114 /></p>;width=342 height=114 /></p>;Estores lisos modernos al mejor precio. Múltiples colores, tejido translúcido u opaco, medidas personalizadas y envío gratuito.;margin-right: auto-width-342-height-114-p
upsert;6591;Blindecor T2-C-63763 Estor Enrollable Estampado Digital Basic Cocina Tejido Traslúcido;Blindecor Estor Enrollable Estampado Digital Cocina Traslúcido;Estor con estampado digital para cocina. Diseños modernos gastronómicos, medidas personalizadas, precio económico y envío gratis.;6591-blindecor-t2-c-63763-estor-enrollable-estampado-digital-basic-cocina-tejido-traslucido
upsert;margin-right: auto;width=342 height=114 /></p>;width=342 height=114 /></p>;Estor liso noche y día económico con sistema de doble tejido. Diseño elegante, medidas a medida y envío gratis.;margin-right: auto-width-342-height-114-p
upsert;6592;Blindecor T2-C-37743 Estor Enrollable Estampado Digital Basic Cocina Tejido Traslúcido;Blindecor Estor Enrollable Estampado Digital Cocina Traslúcido;Estores digitales para cocina con diseños únicos y modernos. A tu medida, precio barato y envío gratuito en toda España.;6592-blindecor-t2-c-37743-estor-enrollable-estampado-digital-basic-cocina-tejido-traslucido
upsert;margin-right: auto;width=342 height=114 /></p>;width=342 height=114 /></p>;Estor liso de calidad en tejido translúcido o tipo noche y día. Económico, a medida y envío gratuito en todos tus pedidos.;margin-right: auto-width-342-height-114-p
upsert;6593;Blindecor T2-C-77627 Estor Enrollable Estampado Digital Basic Cocina Tejido Traslúcido;Blindecor Estor Enrollable Estampado Digital Cocina Traslúcido;Dale estilo a tu cocina con estores digitales exclusivos. Diseños temáticos modernos, a medida, precio económico y envío gratis.;6593-blindecor-t2-c-77627-estor-enrollable-estampado-digital-basic-cocina-tejido-traslucido
upsert;margin-right: auto;width=342 height=114 /></p>;width=342 height=114 /></p>;Estor liso de alta calidad con tejido translúcido u opaco. Colores modernos, medidas personalizadas y envío gratis. ¡Al mejor precio!;margin-right: auto-width-342-height-114-p
upsert;6594;Blindecor T2-C-43536 Estor Enrollable Estampado Digital Basic Cocina Tejido Traslúcido;Blindecor Estor Enrollable Estampado Digital Cocina Traslúcido;Estor digital para cocina de alta calidad. Bonitos diseños gastronómicos exclusivos, económico, a medida y envío gratuito.;6594-blindecor-t2-c-43536-estor-enrollable-estampado-digital-basic-cocina-tejido-traslucido
upsert;margin-right: auto;width=342 height=114 /></p>;width=342 height=114 /></p>;Estor enrollable liso económico con diseño actual. Tejido traslúcido u opaco, medidas a tu medida y envío gratis en toda España.;margin-right: auto-width-342-height-114-p
upsert;6595;Blindecor T2-C-82795 Estor Enrollable Estampado Digital Basic Cocina Tejido Traslúcido;Blindecor Estor Enrollable Estampado Digital Cocina Traslúcido;Estores digitales para cocinas modernas y originales. Precio barato, medidas a medida, instalación fácil y envío gratis.;6595-blindecor-t2-c-82795-estor-enrollable-estampado-digital-basic-cocina-tejido-traslucido
upsert;margin-right: auto;width=342 height=114 /></p>;width=342 height=114 /></p>;Estores lisos modernos al mejor precio. Múltiples colores, tejido translúcido u opaco, medidas personalizadas y envío gratuito.;margin-right: auto-width-342-height-114-p
upsert;6596;Blindecor T2-C-17840 Estor Enrollable Estampado Digital Basic Cocina Tejido Traslúcido;Blindecor Estor Enrollable Estampado Digital Cocina Traslúcido;Estor con estampado digital para cocina. Diseños modernos gastronómicos, medidas personalizadas, precio económico y envío gratis.;6596-blindecor-t2-c-17840-estor-enrollable-estampado-digital-basic-cocina-tejido-traslucido
upsert;margin-right: auto;width=342 height=114 /></p>;width=342 height=114 /></p>;Estor liso noche y día económico con sistema de doble tejido. Diseño elegante, medidas a medida y envío gratis.;margin-right: auto-width-342-height-114-p
upsert;6597;Blindecor T2-C-39177 Estor Enrollable Estampado Digital Basic Cocina Tejido Traslúcido;Blindecor Estor Enrollable Estampado Digital Cocina Traslúcido;Estores digitales para cocina con diseños únicos y modernos. A tu medida, precio barato y envío gratuito en toda España.;6597-blindecor-t2-c-39177-estor-enrollable-estampado-digital-basic-cocina-tejido-traslucido
upsert;margin-right: auto;width=342 height=114 /></p>;width=342 height=114 /></p>;Estor liso de calidad en tejido translúcido o tipo noche y día. Económico, a medida y envío gratuito en todos tus pedidos.;margin-right: auto-width-342-height-114-p
upsert;6598;Blindecor T1-C-39402 Estor Enrollable Estampado Digital Basic Cocina Tejido Traslúcido;Blindecor Estor Enrollable Estampado Digital Cocina Traslúcido;Dale estilo a tu cocina con estores digitales exclusivos. Diseños temáticos modernos, a medida, precio económico y envío gratis.;6598-blindecor-t1-c-39402-estor-enrollable-estampado-digital-basic-cocina-tejido-traslucido
upsert;margin-right: auto;width=342 height=114 /></p>;width=342 height=114 /></p>;Estor liso de alta calidad con tejido translúcido u opaco. Colores modernos, medidas personalizadas y envío gratis. ¡Al mejor precio!;margin-right: auto-width-342-height-114-p
upsert;6599;Blindecor T2-Z-93926 Estor Enrollable Estampado Digital Basic Zen Tejido Traslúcido;Blindecor Estor Enrollable Estampado Digital Zen Traslúcido;Estor con estampado digital de temática Zen. Diseños relajantes y modernos, medidas personalizadas, precio económico y envío gratis.;6599-blindecor-t2-z-93926-estor-enrollable-estampado-digital-basic-zen-tejido-traslucido
upsert;margin-right: auto;width=342 height=114 /></p>;width=342 height=114 /></p>;Estor enrollable liso económico con diseño actual. Tejido traslúcido u opaco, medidas a tu medida y envío gratis en toda España.;margin-right: auto-width-342-height-114-p
upsert;6600;Blindecor T3-Z-40961 Estor Enrollable Estampado Digital Basic Zen Tejido Traslúcido;Blindecor Estor Enrollable Estampado Digital Zen Traslúcido;Estores Zen digitales para crear ambientes de paz y tranquilidad. Diseños exclusivos, económicos, a medida y envío gratuito.;6600-blindecor-t3-z-40961-estor-enrollable-estampado-digital-basic-zen-tejido-traslucido
upsert;margin-right: auto;width=342 height=114 /></p>;width=342 height=114 /></p>;Estores lisos modernos al mejor precio. Múltiples colores, tejido translúcido u opaco, medidas personalizadas y envío gratuito.;margin-right: auto-width-342-height-114-p
upsert;6601;Blindecor T3-Z-88379 Estor Enrollable Estampado Digital Basic Zen Tejido Traslúcido;Blindecor Estor Enrollable Estampado Digital Zen Traslúcido;Crea un ambiente zen con estores de impresión digital. Diseños relajantes, precio barato, medidas a medida y envío gratis.;6601-blindecor-t3-z-88379-estor-enrollable-estampado-digital-basic-zen-tejido-traslucido
upsert;margin-right: auto;width=342 height=114 /></p>;width=342 height=114 /></p>;Estor liso noche y día económico con sistema de doble tejido. Diseño elegante, medidas a medida y envío gratis.;margin-right: auto-width-342-height-114-p
upsert;6602;Blindecor T2-Z-31987 Estor Enrollable Estampado Digital Basic Zen Tejido Traslúcido;Blindecor Estor Enrollable Estampado Digital Zen Traslúcido;Estor digital Zen inspirado en la naturaleza y la paz. Diseño exclusivo, económico, a medida y envío gratuito.;6602-blindecor-t2-z-31987-estor-enrollable-estampado-digital-basic-zen-tejido-traslucido
upsert;margin-right: auto;width=342 height=114 /></p>;width=342 height=114 /></p>;Estor liso de calidad en tejido translúcido o tipo noche y día. Económico, a medida y envío gratuito en todos tus pedidos.;margin-right: auto-width-342-height-114-p
upsert;6603;Blindecor T3-Z-51211 Estor Enrollable Estampado Digital Basic Zen Tejido Traslúcido;Blindecor Estor Enrollable Estampado Digital Zen Traslúcido;Transforma tu espacio con estores digitales Zen. Diseños inspiradores, precio económico, a medida y envío gratis.;6603-blindecor-t3-z-51211-estor-enrollable-estampado-digital-basic-zen-tejido-traslucido
upsert;margin-right: auto;width=342 height=114 /></p>;width=342 height=114 /></p>;Estor liso de alta calidad con tejido translúcido u opaco. Colores modernos, medidas personalizadas y envío gratis. ¡Al mejor precio!;margin-right: auto-width-342-height-114-p
upsert;6604;Blindecor T3-Z-35294 Estor Enrollable Estampado Digital Basic Zen Tejido Traslúcido;Blindecor Estor Enrollable Estampado Digital Zen Traslúcido;Estor con estampado digital de temática Zen. Diseños relajantes y modernos, medidas personalizadas, precio económico y envío gratis.;6604-blindecor-t3-z-35294-estor-enrollable-estampado-digital-basic-zen-tejido-traslucido
upsert;margin-right: auto;width=342 height=114 /></p>;width=342 height=114 /></p>;Estor enrollable liso económico con diseño actual. Tejido traslúcido u opaco, medidas a tu medida y envío gratis en toda España.;margin-right: auto-width-342-height-114-p
upsert;6605;Blindecor T2-Z-28489 Estor Enrollable Estampado Digital Basic Zen Tejido Traslúcido;Blindecor Estor Enrollable Estampado Digital Zen Traslúcido;Estores Zen digitales para crear ambientes de paz y tranquilidad. Diseños exclusivos, económicos, a medida y envío gratuito.;6605-blindecor-t2-z-28489-estor-enrollable-estampado-digital-basic-zen-tejido-traslucido
upsert;margin-right: auto;width=342 height=114 /></p>;width=342 height=114 /></p>;Estores lisos modernos al mejor precio. Múltiples colores, tejido translúcido u opaco, medidas personalizadas y envío gratuito.;margin-right: auto-width-342-height-114-p
upsert;6606;Blindecor T2-Z-85735 Estor Enrollable Estampado Digital Basic Zen Tejido Traslúcido;Blindecor Estor Enrollable Estampado Digital Zen Traslúcido;Crea un ambiente zen con estores de impresión digital. Diseños relajantes, precio barato, medidas a medida y envío gratis.;6606-blindecor-t2-z-85735-estor-enrollable-estampado-digital-basic-zen-tejido-traslucido
upsert;margin-right: auto;width=342 height=114 /></p>;width=342 height=114 /></p>;Estor liso noche y día económico con sistema de doble tejido. Diseño elegante, medidas a medida y envío gratis.;margin-right: auto-width-342-height-114-p
upsert;6607;Blindecor T3-Z-83884 Estor Enrollable Estampado Digital Basic Zen Tejido Traslúcido;Blindecor Estor Enrollable Estampado Digital Zen Traslúcido;Estor digital Zen inspirado en la naturaleza y la paz. Diseño exclusivo, económico, a medida y envío gratuito.;6607-blindecor-t3-z-83884-estor-enrollable-estampado-digital-basic-zen-tejido-traslucido
upsert;margin-right: auto;width=342 height=114 /></p>;width=342 height=114 /></p>;Estor liso de calidad en tejido translúcido o tipo noche y día. Económico, a medida y envío gratuito en todos tus pedidos.;margin-right: auto-width-342-height-114-p
upsert;6608;Blindecor T3-Z-52322 Estor Enrollable Estampado Digital Basic Zen Tejido Traslúcido;Blindecor Estor Enrollable Estampado Digital Zen Traslúcido;Transforma tu espacio con estores digitales Zen. Diseños inspiradores, precio económico, a medida y envío gratis.;6608-blindecor-t3-z-52322-estor-enrollable-estampado-digital-basic-zen-tejido-traslucido
upsert;margin-right: auto;width=342 height=114 /></p>;width=342 height=114 /></p>;Estor liso de alta calidad con tejido translúcido u opaco. Colores modernos, medidas personalizadas y envío gratis. ¡Al mejor precio!;margin-right: auto-width-342-height-114-p
upsert;6609;Blindecor T3-Z-21744 Estor Enrollable Estampado Digital Basic Zen Tejido Traslúcido;Blindecor Estor Enrollable Estampado Digital Zen Traslúcido;Estor con estampado digital de temática Zen. Diseños relajantes y modernos, medidas personalizadas, precio económico y envío gratis.;6609-blindecor-t3-z-21744-estor-enrollable-estampado-digital-basic-zen-tejido-traslucido
upsert;margin-right: auto;width=342 height=114 /></p>;width=342 height=114 /></p>;Estor enrollable liso económico con diseño actual. Tejido traslúcido u opaco, medidas a tu medida y envío gratis en toda España.;margin-right: auto-width-342-height-114-p
upsert;6610;Blindecor T3-Z-53213 Estor Enrollable Estampado Digital Basic Zen Tejido Traslúcido;Blindecor Estor Enrollable Estampado Digital Zen Traslúcido;Estores Zen digitales para crear ambientes de paz y tranquilidad. Diseños exclusivos, económicos, a medida y envío gratuito.;6610-blindecor-t3-z-53213-estor-enrollable-estampado-digital-basic-zen-tejido-traslucido
upsert;margin-right: auto;width=342 height=114 /></p>;width=342 height=114 /></p>;Estores lisos modernos al mejor precio. Múltiples colores, tejido translúcido u opaco, medidas personalizadas y envío gratuito.;margin-right: auto-width-342-height-114-p
upsert;6611;Blindecor T3-Z-93993 Estor Enrollable Estampado Digital Basic Zen Tejido Traslúcido;Blindecor Estor Enrollable Estampado Digital Zen Traslúcido;Crea un ambiente zen con estores de impresión digital. Diseños relajantes, precio barato, medidas a medida y envío gratis.;6611-blindecor-t3-z-93993-estor-enrollable-estampado-digital-basic-zen-tejido-traslucido
upsert;margin-right: auto;width=342 height=114 /></p>;width=342 height=114 /></p>;Estor liso noche y día económico con sistema de doble tejido. Diseño elegante, medidas a medida y envío gratis.;margin-right: auto-width-342-height-114-p
upsert;6612;Blindecor T2-Z-89024 Estor Enrollable Estampado Digital Basic Zen Tejido Traslúcido;Blindecor Estor Enrollable Estampado Digital Zen Traslúcido;Estor digital Zen inspirado en la naturaleza y la paz. Diseño exclusivo, económico, a medida y envío gratuito.;6612-blindecor-t2-z-89024-estor-enrollable-estampado-digital-basic-zen-tejido-traslucido
upsert;margin-right: auto;width=342 height=114 /></p>;width=342 height=114 /></p>;Estor liso de calidad en tejido translúcido o tipo noche y día. Económico, a medida y envío gratuito en todos tus pedidos.;margin-right: auto-width-342-height-114-p
upsert;6613;Blindecor T2-Z-29607 Estor Enrollable Estampado Digital Basic Zen Tejido Traslúcido;Blindecor Estor Enrollable Estampado Digital Zen Traslúcido;Transforma tu espacio con estores digitales Zen. Diseños inspiradores, precio económico, a medida y envío gratis.;6613-blindecor-t2-z-29607-estor-enrollable-estampado-digital-basic-zen-tejido-traslucido
upsert;margin-right: auto;width=342 height=114 /></p>;width=342 height=114 /></p>;Estor liso de alta calidad con tejido translúcido u opaco. Colores modernos, medidas personalizadas y envío gratis. ¡Al mejor precio!;margin-right: auto-width-342-height-114-p
upsert;6614;Blindecor T1-V-63775 Estor Enrollable Estampado Digital Basic Varios Tejido Traslúcido;Blindecor Estor Enrollable Estampado Digital Varios Traslúcido;Estor con estampado digital de diseños exclusivos y modernos. Precios baratos, medidas personalizadas y envío gratuito en España.;6614-blindecor-t1-v-63775-estor-enrollable-estampado-digital-basic-varios-tejido-traslucido
upsert;margin-right: auto;width=342 height=114 /></p>;width=342 height=114 /></p>;Estor enrollable liso económico con diseño actual. Tejido traslúcido u opaco, medidas a tu medida y envío gratis en toda España.;margin-right: auto-width-342-height-114-p
upsert;6615;Blindecor T2-V-74464 Estor Enrollable Estampado Digital Basic Varios Tejido Traslúcido;Blindecor Estor Enrollable Estampado Digital Varios Traslúcido;Estores digitales con diseños abstractos y patrones únicos. Modernos y exclusivos, económicos, a medida y con envío gratuito.;6615-blindecor-t2-v-74464-estor-enrollable-estampado-digital-basic-varios-tejido-traslucido
upsert;margin-right: auto;width=342 height=114 /></p>;width=342 height=114 /></p>;Estores lisos modernos al mejor precio. Múltiples colores, tejido translúcido u opaco, medidas personalizadas y envío gratuito.;margin-right: auto-width-342-height-114-p
upsert;6616;Blindecor T3-V-82773 Estor Enrollable Estampado Digital Basic Varios Tejido Traslúcido;Blindecor Estor Enrollable Estampado Digital Varios Traslúcido;Estor con estampado digital de diseño exclusivo. Patrones únicos y modernos, precio económico, a medida y envío gratis.;6616-blindecor-t3-v-82773-estor-enrollable-estampado-digital-basic-varios-tejido-traslucido
upsert;margin-right: auto;width=342 height=114 /></p>;width=342 height=114 /></p>;Estor liso noche y día económico con sistema de doble tejido. Diseño elegante, medidas a medida y envío gratis.;margin-right: auto-width-342-height-114-p
upsert;6617;Blindecor T2-V-90982 Estor Enrollable Estampado Digital Basic Varios Tejido Traslúcido;Blindecor Estor Enrollable Estampado Digital Varios Traslúcido;Dale un toque único con estores digitales de diseño exclusivo. Modernos y bonitos, precio barato, a medida y envío gratis.;6617-blindecor-t2-v-90982-estor-enrollable-estampado-digital-basic-varios-tejido-traslucido
upsert;margin-right: auto;width=342 height=114 /></p>;width=342 height=114 /></p>;Estor liso de calidad en tejido translúcido o tipo noche y día. Económico, a medida y envío gratuito en todos tus pedidos.;margin-right: auto-width-342-height-114-p
upsert;6618;Blindecor T2-V-X4614 Estor Enrollable Estampado Digital Basic Varios Tejido Traslúcido;Blindecor Estor Enrollable Estampado Digital Varios Traslúcido;Estores digitales con diseños originales y modernos. Gran variedad de patrones, precio económico, a medida y envío gratuito.;6618-blindecor-t2-v-x4614-estor-enrollable-estampado-digital-basic-varios-tejido-traslucido
upsert;margin-right: auto;width=342 height=114 /></p>;width=342 height=114 /></p>;Estor liso de alta calidad con tejido translúcido u opaco. Colores modernos, medidas personalizadas y envío gratis. ¡Al mejor precio!;margin-right: auto-width-342-height-114-p
upsert;6619;Blindecor T3-V-02299 Estor Enrollable Estampado Digital Basic Varios Tejido Traslúcido;Blindecor Estor Enrollable Estampado Digital Varios Traslúcido;Estor con estampado digital de diseños exclusivos y modernos. Precios baratos, medidas personalizadas y envío gratuito en España.;6619-blindecor-t3-v-02299-estor-enrollable-estampado-digital-basic-varios-tejido-traslucido
upsert;margin-right: auto;width=342 height=114 /></p>;width=342 height=114 /></p>;Estor enrollable liso económico con diseño actual. Tejido traslúcido u opaco, medidas a tu medida y envío gratis en toda España.;margin-right: auto-width-342-height-114-p
upsert;6620;Blindecor T3-V-27795 Estor Enrollable Estampado Digital Basic Varios Tejido Traslúcido;Blindecor Estor Enrollable Estampado Digital Varios Traslúcido;Estores digitales con diseños abstractos y patrones únicos. Modernos y exclusivos, económicos, a medida y con envío gratuito.;6620-blindecor-t3-v-27795-estor-enrollable-estampado-digital-basic-varios-tejido-traslucido
upsert;margin-right: auto;width=342 height=114 /></p>;width=342 height=114 /></p>;Estores lisos modernos al mejor precio. Múltiples colores, tejido translúcido u opaco, medidas personalizadas y envío gratuito.;margin-right: auto-width-342-height-114-p
upsert;6621;Blindecor T3-V-06325 Estor Enrollable Estampado Digital Basic Varios Tejido Traslúcido;Blindecor Estor Enrollable Estampado Digital Varios Traslúcido;Estor con estampado digital de diseño exclusivo. Patrones únicos y modernos, precio económico, a medida y envío gratis.;6621-blindecor-t3-v-06325-estor-enrollable-estampado-digital-basic-varios-tejido-traslucido
upsert;margin-right: auto;width=342 height=114 /></p>;width=342 height=114 /></p>;Estor liso noche y día económico con sistema de doble tejido. Diseño elegante, medidas a medida y envío gratis.;margin-right: auto-width-342-height-114-p
upsert;6622;Blindecor T3-V-82490 Estor Enrollable Estampado Digital Basic Varios Tejido Traslúcido;Blindecor Estor Enrollable Estampado Digital Varios Traslúcido;Dale un toque único con estores digitales de diseño exclusivo. Modernos y bonitos, precio barato, a medida y envío gratis.;6622-blindecor-t3-v-82490-estor-enrollable-estampado-digital-basic-varios-tejido-traslucido
upsert;margin-right: auto;width=342 height=114 /></p>;width=342 height=114 /></p>;Estor liso de calidad en tejido translúcido o tipo noche y día. Económico, a medida y envío gratuito en todos tus pedidos.;margin-right: auto-width-342-height-114-p
upsert;6623;Blindecor T3-V-X9150 Estor Enrollable Estampado Digital Basic Varios Tejido Traslúcido;Blindecor Estor Enrollable Estampado Digital Varios Traslúcido;Estores digitales con diseños originales y modernos. Gran variedad de patrones, precio económico, a medida y envío gratuito.;6623-blindecor-t3-v-x9150-estor-enrollable-estampado-digital-basic-varios-tejido-traslucido
upsert;margin-right: auto;width=342 height=114 /></p>;width=342 height=114 /></p>;Estor liso de alta calidad con tejido translúcido u opaco. Colores modernos, medidas personalizadas y envío gratis. ¡Al mejor precio!;margin-right: auto-width-342-height-114-p
upsert;6624;Blindecor T3-V-89698 Estor Enrollable Estampado Digital Basic Varios Tejido Traslúcido;Blindecor Estor Enrollable Estampado Digital Varios Traslúcido;Estor con estampado digital de diseños exclusivos y modernos. Precios baratos, medidas personalizadas y envío gratuito en España.;6624-blindecor-t3-v-89698-estor-enrollable-estampado-digital-basic-varios-tejido-traslucido
upsert;margin-right: auto;width=342 height=114 /></p>;width=342 height=114 /></p>;Estor enrollable liso económico con diseño actual. Tejido traslúcido u opaco, medidas a tu medida y envío gratis en toda España.;margin-right: auto-width-342-height-114-p
upsert;6625;Blindecor T3-V-48034 Estor Enrollable Estampado Digital Basic Varios Tejido Traslúcido;Blindecor Estor Enrollable Estampado Digital Varios Traslúcido;Estores digitales con diseños abstractos y patrones únicos. Modernos y exclusivos, económicos, a medida y con envío gratuito.;6625-blindecor-t3-v-48034-estor-enrollable-estampado-digital-basic-varios-tejido-traslucido
upsert;margin-right: auto;width=342 height=114 /></p>;width=342 height=114 /></p>;Estores lisos modernos al mejor precio. Múltiples colores, tejido translúcido u opaco, medidas personalizadas y envío gratuito.;margin-right: auto-width-342-height-114-p
upsert;6700;Blindecor W-U-00982 Estor Enrollable Estampado Digital Ciudades Basic Tejido Traslúcido;Blindecor Estor Enrollable Estampado Digital Ciudades Traslúcido;Estores digitales con vistas de las ciudades más famosas del mundo. Diseño moderno, medidas a medida, precio barato y envío gratuito.;6700-blindecor-w-u-00982-estor-enrollable-estampado-digital-ciudades-basic-tejido-traslucido
upsert;margin-right: auto;width=342 height=114 /></p>;width=342 height=114 /></p>;Estor liso noche y día económico con sistema de doble tejido. Diseño elegante, medidas a medida y envío gratis.;margin-right: auto-width-342-height-114-p
upsert;6701;Blindecor W-U-52667 Estor Enrollable Estampado Digital Ciudades Basic Tejido Traslúcido;Blindecor Estor Enrollable Estampado Digital Ciudades Traslúcido;Viaja con tu mirada con estores digitales de ciudades. Estampado de alta calidad, económico, a medida y envío gratis.;6701-blindecor-w-u-52667-estor-enrollable-estampado-digital-ciudades-basic-tejido-traslucido
upsert;margin-right: auto;width=342 height=114 /></p>;width=342 height=114 /></p>;Estor liso de calidad en tejido translúcido o tipo noche y día. Económico, a medida y envío gratuito en todos tus pedidos.;margin-right: auto-width-342-height-114-p
upsert;6702;Blindecor W-U-53586 Estor Enrollable Estampado Digital Ciudades Basic Tejido Traslúcido;Blindecor Estor Enrollable Estampado Digital Ciudades Traslúcido;Estor con impresión digital de ciudades únicas del mundo. Diseño moderno y colorido, medidas a medida, barato y envío gratuito.;6702-blindecor-w-u-53586-estor-enrollable-estampado-digital-ciudades-basic-tejido-traslucido
upsert;margin-right: auto;width=342 height=114 /></p>;width=342 height=114 /></p>;Estor liso de alta calidad con tejido translúcido u opaco. Colores modernos, medidas personalizadas y envío gratis. ¡Al mejor precio!;margin-right: auto-width-342-height-114-p
upsert;6703;Blindecor W-C-15698 Estor Enrollable Estampado Digital Basic Cocina Tejido Traslúcido;Blindecor Estor Enrollable Estampado Digital Cocina Traslúcido;Estor digital para cocina de alta calidad. Bonitos diseños gastronómicos exclusivos, económico, a medida y envío gratuito.;6703-blindecor-w-c-15698-estor-enrollable-estampado-digital-basic-cocina-tejido-traslucido
upsert;margin-right: auto;width=342 height=114 /></p>;width=342 height=114 /></p>;Estor enrollable liso económico con diseño actual. Tejido traslúcido u opaco, medidas a tu medida y envío gratis en toda España.;margin-right: auto-width-342-height-114-p
upsert;6704;Blindecor W-C-27275 Estor Enrollable Estampado Digital Basic Cocina Tejido Traslúcido;Blindecor Estor Enrollable Estampado Digital Cocina Traslúcido;Estores digitales para cocinas modernas y originales. Precio barato, medidas a medida, instalación fácil y envío gratis.;6704-blindecor-w-c-27275-estor-enrollable-estampado-digital-basic-cocina-tejido-traslucido
upsert;margin-right: auto;width=342 height=114 /></p>;width=342 height=114 /></p>;Estores lisos modernos al mejor precio. Múltiples colores, tejido translúcido u opaco, medidas personalizadas y envío gratuito.;margin-right: auto-width-342-height-114-p
upsert;6705;Blindecor W-C-56290 Estor Enrollable Estampado Digital Basic Cocina Tejido Traslúcido;Blindecor Estor Enrollable Estampado Digital Cocina Traslúcido;Estor con estampado digital para cocina. Diseños modernos gastronómicos, medidas personalizadas, precio económico y envío gratis.;6705-blindecor-w-c-56290-estor-enrollable-estampado-digital-basic-cocina-tejido-traslucido
upsert;margin-right: auto;width=342 height=114 /></p>;width=342 height=114 /></p>;Estor liso noche y día económico con sistema de doble tejido. Diseño elegante, medidas a medida y envío gratis.;margin-right: auto-width-342-height-114-p
upsert;6706;Blindecor W-I-49663 Estor Enrollable Estampado Digital Infantil Basic Tejido Traslúcido;Blindecor Estor Enrollable Estampado Digital Infantil Traslúcido;Bonito estor infantil digital de alta calidad. Diseños temáticos para niños, económico, a medida y con envío gratuito.;6706-blindecor-w-i-49663-estor-enrollable-estampado-digital-infantil-basic-tejido-traslucido
upsert;margin-right: auto;width=342 height=114 /></p>;width=342 height=114 /></p>;Estor liso de calidad en tejido translúcido o tipo noche y día. Económico, a medida y envío gratuito en todos tus pedidos.;margin-right: auto-width-342-height-114-p
upsert;6707;Blindecor W-I-51615 Estor Enrollable Estampado Digital Infantil Basic Tejido Traslúcido;Blindecor Estor Enrollable Estampado Digital Infantil Traslúcido;Estores digitales infantiles con diseños alegres y coloridos. A tu medida, precio económico y envío gratis. ¡Los niños los adorarán!;6707-blindecor-w-i-51615-estor-enrollable-estampado-digital-infantil-basic-tejido-traslucido
upsert;margin-right: auto;width=342 height=114 /></p>;width=342 height=114 /></p>;Estor liso de alta calidad con tejido translúcido u opaco. Colores modernos, medidas personalizadas y envío gratis. ¡Al mejor precio!;margin-right: auto-width-342-height-114-p
upsert;6708;Blindecor W-I-07156 Estor Enrollable Estampado Digital Infantil Basic Tejido Traslúcido;Blindecor Estor Enrollable Estampado Digital Infantil Traslúcido;Estor infantil con estampado digital exclusivo. Colores vivos para niños, medidas a medida, barato y envío gratuito.;6708-blindecor-w-i-07156-estor-enrollable-estampado-digital-infantil-basic-tejido-traslucido
upsert;margin-right: auto;width=342 height=114 /></p>;width=342 height=114 /></p>;Estor enrollable liso económico con diseño actual. Tejido traslúcido u opaco, medidas a tu medida y envío gratis en toda España.;margin-right: auto-width-342-height-114-p
upsert;6709;Blindecor W-J-87564 Estor Enrollable Estampado Digital Basic Juvenil Tejido Traslúcido;Blindecor Estor Enrollable Estampado Digital Juvenil Traslúcido;Estor juvenil de diseño original con impresión digital. Deportes y aficiones en tu ventana, barato, a medida y envío gratis.;6709-blindecor-w-j-87564-estor-enrollable-estampado-digital-basic-juvenil-tejido-traslucido
upsert;margin-right: auto;width=342 height=114 /></p>;width=342 height=114 /></p>;Estores lisos modernos al mejor precio. Múltiples colores, tejido translúcido u opaco, medidas personalizadas y envío gratuito.;margin-right: auto-width-342-height-114-p
upsert;6710;Blindecor W-J-44356 Estor Enrollable Estampado Digital Basic Juvenil Tejido Traslúcido;Blindecor Estor Enrollable Estampado Digital Juvenil Traslúcido;Estor juvenil con estampado digital de diseños modernos. Deportes y aficiones favoritas, medidas personalizadas, precio barato y envío gratis.;6710-blindecor-w-j-44356-estor-enrollable-estampado-digital-basic-juvenil-tejido-traslucido
upsert;margin-right: auto;width=342 height=114 /></p>;width=342 height=114 /></p>;Estor liso noche y día económico con sistema de doble tejido. Diseño elegante, medidas a medida y envío gratis.;margin-right: auto-width-342-height-114-p
upsert;6711;Blindecor W-J-16047 Estor Enrollable Estampado Digital Basic Juvenil Tejido Traslúcido;Blindecor Estor Enrollable Estampado Digital Juvenil Traslúcido;Estores digitales juveniles con temáticas modernas de deporte y moda. Económicos, a medida y envío gratuito. ¡Estilo garantizado!;6711-blindecor-w-j-16047-estor-enrollable-estampado-digital-basic-juvenil-tejido-traslucido
upsert;margin-right: auto;width=342 height=114 /></p>;width=342 height=114 /></p>;Estor liso de calidad en tejido translúcido o tipo noche y día. Económico, a medida y envío gratuito en todos tus pedidos.;margin-right: auto-width-342-height-114-p
upsert;6712;Blindecor W-P-78813 Estor Enrollable Estampado Digital Paisajes Basic Tejido Traslúcido;Blindecor Estor Enrollable Estampado Digital Paisajes Traslúcido;Transforma tu hogar con estores de paisajes digitales. Diseños naturales modernos, precio económico, a medida y envío gratis.;6712-blindecor-w-p-78813-estor-enrollable-estampado-digital-paisajes-basic-tejido-traslucido
upsert;margin-right: auto;width=342 height=114 /></p>;width=342 height=114 /></p>;Estor liso de alta calidad con tejido translúcido u opaco. Colores modernos, medidas personalizadas y envío gratis. ¡Al mejor precio!;margin-right: auto-width-342-height-114-p
upsert;6713;Blindecor W-P-45048 Estor Enrollable Estampado Digital Paisajes Basic Tejido Traslúcido;Blindecor Estor Enrollable Estampado Digital Paisajes Traslúcido;Estor con estampado digital de paisajes naturales. Diseños relajantes, medidas personalizadas, precio económico y envío gratis.;6713-blindecor-w-p-45048-estor-enrollable-estampado-digital-paisajes-basic-tejido-traslucido
upsert;margin-right: auto;width=342 height=114 /></p>;width=342 height=114 /></p>;Estor enrollable liso económico con diseño actual. Tejido traslúcido u opaco, medidas a tu medida y envío gratis en toda España.;margin-right: auto-width-342-height-114-p
upsert;6714;Blindecor W-P-41791 Estor Enrollable Estampado Digital Paisajes Basic Tejido Traslúcido;Blindecor Estor Enrollable Estampado Digital Paisajes Traslúcido;Estores digitales con impresionantes paisajes naturales. Relajantes y modernos, económicos, a medida y envío gratuito.;6714-blindecor-w-p-41791-estor-enrollable-estampado-digital-paisajes-basic-tejido-traslucido
upsert;margin-right: auto;width=342 height=114 /></p>;width=342 height=114 /></p>;Estores lisos modernos al mejor precio. Múltiples colores, tejido translúcido u opaco, medidas personalizadas y envío gratuito.;margin-right: auto-width-342-height-114-p
upsert;6715;Blindecor W-V-14658 Estor Enrollable Estampado Digital Basic Varios Tejido Traslúcido;Blindecor Estor Enrollable Estampado Digital Varios Traslúcido;Estor con estampado digital de diseño exclusivo. Patrones únicos y modernos, precio económico, a medida y envío gratis.;6715-blindecor-w-v-14658-estor-enrollable-estampado-digital-basic-varios-tejido-traslucido
upsert;margin-right: auto;width=342 height=114 /></p>;width=342 height=114 /></p>;Estor liso noche y día económico con sistema de doble tejido. Diseño elegante, medidas a medida y envío gratis.;margin-right: auto-width-342-height-114-p
upsert;6716;Blindecor W-V-80852 Estor Enrollable Estampado Digital Basic Varios Tejido Traslúcido;Blindecor Estor Enrollable Estampado Digital Varios Traslúcido;Dale un toque único con estores digitales de diseño exclusivo. Modernos y bonitos, precio barato, a medida y envío gratis.;6716-blindecor-w-v-80852-estor-enrollable-estampado-digital-basic-varios-tejido-traslucido
upsert;margin-right: auto;width=342 height=114 /></p>;width=342 height=114 /></p>;Estor liso de calidad en tejido translúcido o tipo noche y día. Económico, a medida y envío gratuito en todos tus pedidos.;margin-right: auto-width-342-height-114-p
upsert;6717;Blindecor W-V-92958 Estor Enrollable Estampado Digital Basic Varios Tejido Traslúcido;Blindecor Estor Enrollable Estampado Digital Varios Traslúcido;Estores digitales con diseños originales y modernos. Gran variedad de patrones, precio económico, a medida y envío gratuito.;6717-blindecor-w-v-92958-estor-enrollable-estampado-digital-basic-varios-tejido-traslucido
upsert;margin-right: auto;width=342 height=114 /></p>;width=342 height=114 /></p>;Estor liso de alta calidad con tejido translúcido u opaco. Colores modernos, medidas personalizadas y envío gratis. ¡Al mejor precio!;margin-right: auto-width-342-height-114-p
upsert;6718;Blindecor W-Z-28223 Estor Enrollable Estampado Digital Basic Zen Tejido Traslúcido;Blindecor Estor Enrollable Estampado Digital Zen Traslúcido;Estor con estampado digital de temática Zen. Diseños relajantes y modernos, medidas personalizadas, precio económico y envío gratis.;6718-blindecor-w-z-28223-estor-enrollable-estampado-digital-basic-zen-tejido-traslucido
upsert;margin-right: auto;width=342 height=114 /></p>;width=342 height=114 /></p>;Estor enrollable liso económico con diseño actual. Tejido traslúcido u opaco, medidas a tu medida y envío gratis en toda España.;margin-right: auto-width-342-height-114-p
upsert;6719;Blindecor W-Z-14991 Estor Enrollable Estampado Digital Basic Zen Tejido Traslúcido;Blindecor Estor Enrollable Estampado Digital Zen Traslúcido;Estores Zen digitales para crear ambientes de paz y tranquilidad. Diseños exclusivos, económicos, a medida y envío gratuito.;6719-blindecor-w-z-14991-estor-enrollable-estampado-digital-basic-zen-tejido-traslucido
upsert;margin-right: auto;width=342 height=114 /></p>;width=342 height=114 /></p>;Estores lisos modernos al mejor precio. Múltiples colores, tejido translúcido u opaco, medidas personalizadas y envío gratuito.;margin-right: auto-width-342-height-114-p
upsert;6720;Blindecor W-Z-81465 Estor Enrollable Estampado Digital Basic Zen Tejido Traslúcido;Blindecor Estor Enrollable Estampado Digital Zen Traslúcido;Crea un ambiente zen con estores de impresión digital. Diseños relajantes, precio barato, medidas a medida y envío gratis.;6720-blindecor-w-z-81465-estor-enrollable-estampado-digital-basic-zen-tejido-traslucido
upsert;margin-right: auto;width=342 height=114 /></p>;width=342 height=114 /></p>;Estor liso noche y día económico con sistema de doble tejido. Diseño elegante, medidas a medida y envío gratis.;margin-right: auto-width-342-height-114-p
upsert;6721;Blindecor W-U-30108 Estor Enrollable Estampado Digital Ciudades Basic Tejido Traslúcido;Blindecor Estor Enrollable Estampado Digital Ciudades Traslúcido;Estor digital de ciudades del mundo. Diseños exclusivos, precio económico, medidas personalizadas y envío gratuito.;6721-blindecor-w-u-30108-estor-enrollable-estampado-digital-ciudades-basic-tejido-traslucido
upsert;margin-right: auto;width=342 height=114 /></p>;width=342 height=114 /></p>;Estor liso de calidad en tejido translúcido o tipo noche y día. Económico, a medida y envío gratuito en todos tus pedidos.;margin-right: auto-width-342-height-114-p
upsert;6722;Blindecor W-U-89196 Estor Enrollable Estampado Digital Ciudades Basic Tejido Traslúcido;Blindecor Estor Enrollable Estampado Digital Ciudades Traslúcido;Estor con estampado digital de ciudades del mundo. Diseños modernos y exclusivos, medidas personalizadas, precio económico y envío gratis.;6722-blindecor-w-u-89196-estor-enrollable-estampado-digital-ciudades-basic-tejido-traslucido
upsert;margin-right: auto;width=342 height=114 /></p>;width=342 height=114 /></p>;Estor liso de alta calidad con tejido translúcido u opaco. Colores modernos, medidas personalizadas y envío gratis. ¡Al mejor precio!;margin-right: auto-width-342-height-114-p
upsert;6723;Blindecor W-C-03198 Estor Enrollable Estampado Digital Basic Cocina Tejido Traslúcido;Blindecor Estor Enrollable Estampado Digital Cocina Traslúcido;Estores digitales para cocina con diseños únicos y modernos. A tu medida, precio barato y envío gratuito en toda España.;6723-blindecor-w-c-03198-estor-enrollable-estampado-digital-basic-cocina-tejido-traslucido
upsert;margin-right: auto;width=342 height=114 /></p>;width=342 height=114 /></p>;Estor enrollable liso económico con diseño actual. Tejido traslúcido u opaco, medidas a tu medida y envío gratis en toda España.;margin-right: auto-width-342-height-114-p
upsert;6724;Blindecor W-C-30079 Estor Enrollable Estampado Digital Basic Cocina Tejido Traslúcido;Blindecor Estor Enrollable Estampado Digital Cocina Traslúcido;Dale estilo a tu cocina con estores digitales exclusivos. Diseños temáticos modernos, a medida, precio económico y envío gratis.;6724-blindecor-w-c-30079-estor-enrollable-estampado-digital-basic-cocina-tejido-traslucido
upsert;margin-right: auto;width=342 height=114 /></p>;width=342 height=114 /></p>;Estores lisos modernos al mejor precio. Múltiples colores, tejido translúcido u opaco, medidas personalizadas y envío gratuito.;margin-right: auto-width-342-height-114-p
upsert;6725;Blindecor W-I-93570 Estor Enrollable Estampado Digital Infantil Basic Tejido Traslúcido;Blindecor Estor Enrollable Estampado Digital Infantil Traslúcido;Decora la habitación infantil con estores digitales modernos. Diseños coloridos, económicos, a medida y con envío gratis.;6725-blindecor-w-i-93570-estor-enrollable-estampado-digital-infantil-basic-tejido-traslucido
upsert;margin-right: auto;width=342 height=114 /></p>;width=342 height=114 /></p>;Estor liso noche y día económico con sistema de doble tejido. Diseño elegante, medidas a medida y envío gratis.;margin-right: auto-width-342-height-114-p
upsert;6726;Blindecor  W-I-27276 Estor Enrollable Estampado Digital Infantil Basic Tejido Traslúcido;Blindecor Estor Enrollable Estampado Digital Infantil Traslúcido;Estor infantil con estampado digital divertido. Diseños coloridos para niños, medidas personalizadas, precio barato y envío gratis.;6726-blindecor-w-i-27276-estor-enrollable-estampado-digital-infantil-basic-tejido-traslucido
upsert;margin-right: auto;width=342 height=114 /></p>;width=342 height=114 /></p>;Estor liso de calidad en tejido translúcido o tipo noche y día. Económico, a medida y envío gratuito en todos tus pedidos.;margin-right: auto-width-342-height-114-p
upsert;6727;Blindecor W-J-59128 Estor Enrollable Estampado Digital Basic Juvenil Tejido Traslúcido;Blindecor Estor Enrollable Estampado Digital Juvenil Traslúcido;Estor juvenil con estampado digital moderno. Diseños de aficiones favoritas, precio barato, a medida y envío gratis.;6727-blindecor-w-j-59128-estor-enrollable-estampado-digital-basic-juvenil-tejido-traslucido
upsert;margin-right: auto;width=342 height=114 /></p>;width=342 height=114 /></p>;Estor liso de alta calidad con tejido translúcido u opaco. Colores modernos, medidas personalizadas y envío gratis. ¡Al mejor precio!;margin-right: auto-width-342-height-114-p
upsert;6728;Blindecor W-J-16807 Estor Enrollable Estampado Digital Basic Juvenil Tejido Traslúcido;Blindecor Estor Enrollable Estampado Digital Juvenil Traslúcido;Decora tu habitación juvenil con estores digitales exclusivos. Diseños modernos, económicos, a medida y envío gratuito.;6728-blindecor-w-j-16807-estor-enrollable-estampado-digital-basic-juvenil-tejido-traslucido
upsert;margin-right: auto;width=342 height=114 /></p>;width=342 height=114 /></p>;Estor enrollable liso económico con diseño actual. Tejido traslúcido u opaco, medidas a tu medida y envío gratis en toda España.;margin-right: auto-width-342-height-114-p
upsert;6729;Blindecor W-P-37235 Estor Enrollable Estampado Digital Paisajes Basic Tejido Traslúcido;Blindecor Estor Enrollable Estampado Digital Paisajes Traslúcido;Decora con belleza natural con estores digitales de paisajes. Diseños únicos, medidas personalizadas, barato y envío gratis.;6729-blindecor-w-p-37235-estor-enrollable-estampado-digital-paisajes-basic-tejido-traslucido
upsert;margin-right: auto;width=342 height=114 /></p>;width=342 height=114 /></p>;Estores lisos modernos al mejor precio. Múltiples colores, tejido translúcido u opaco, medidas personalizadas y envío gratuito.;margin-right: auto-width-342-height-114-p
upsert;6730;Blindecor W-P-53313 Estor Enrollable Estampado Digital Paisajes Basic Tejido Traslúcido;Blindecor Estor Enrollable Estampado Digital Paisajes Traslúcido;Estor con impresión digital de paisajes del mundo. Diseño relajante y exclusivo, económico, a medida y envío gratuito.;6730-blindecor-w-p-53313-estor-enrollable-estampado-digital-paisajes-basic-tejido-traslucido
upsert;margin-right: auto;width=342 height=114 /></p>;width=342 height=114 /></p>;Estor liso noche y día económico con sistema de doble tejido. Diseño elegante, medidas a medida y envío gratis.;margin-right: auto-width-342-height-114-p
upsert;6731;Blindecor W-V-28517 Estor Enrollable Estampado Digital Basic Varios Tejido Traslúcido;Blindecor Estor Enrollable Estampado Digital Varios Traslúcido;Estor con estampado digital de diseños exclusivos y modernos. Precios baratos, medidas personalizadas y envío gratuito en España.;6731-blindecor-w-v-28517-estor-enrollable-estampado-digital-basic-varios-tejido-traslucido
upsert;margin-right: auto;width=342 height=114 /></p>;width=342 height=114 /></p>;Estor liso de calidad en tejido translúcido o tipo noche y día. Económico, a medida y envío gratuito en todos tus pedidos.;margin-right: auto-width-342-height-114-p
upsert;6732;Blindecor W-V-56766 Estor Enrollable Estampado Digital Basic Varios Tejido Traslúcido;Blindecor Estor Enrollable Estampado Digital Varios Traslúcido;Estores digitales con diseños abstractos y patrones únicos. Modernos y exclusivos, económicos, a medida y con envío gratuito.;6732-blindecor-w-v-56766-estor-enrollable-estampado-digital-basic-varios-tejido-traslucido
upsert;margin-right: auto;width=342 height=114 /></p>;width=342 height=114 /></p>;Estor liso de alta calidad con tejido translúcido u opaco. Colores modernos, medidas personalizadas y envío gratis. ¡Al mejor precio!;margin-right: auto-width-342-height-114-p
upsert;6733;Blindecor W-Z-66950 Estor Enrollable Estampado Digital Basic Zen Tejido Traslúcido;Blindecor Estor Enrollable Estampado Digital Zen Traslúcido;Estor digital Zen inspirado en la naturaleza y la paz. Diseño exclusivo, económico, a medida y envío gratuito.;6733-blindecor-w-z-66950-estor-enrollable-estampado-digital-basic-zen-tejido-traslucido
upsert;margin-right: auto;width=342 height=114 /></p>;width=342 height=114 /></p>;Estor enrollable liso económico con diseño actual. Tejido traslúcido u opaco, medidas a tu medida y envío gratis en toda España.;margin-right: auto-width-342-height-114-p
upsert;6734;Blindecor W-Z-04625 Estor Enrollable Estampado Digital Basic Zen Tejido Traslúcido;Blindecor Estor Enrollable Estampado Digital Zen Traslúcido;Transforma tu espacio con estores digitales Zen. Diseños inspiradores, precio económico, a medida y envío gratis.;6734-blindecor-w-z-04625-estor-enrollable-estampado-digital-basic-zen-tejido-traslucido
upsert;margin-right: auto;width=342 height=114 /></p>;width=342 height=114 /></p>;Estores lisos modernos al mejor precio. Múltiples colores, tejido translúcido u opaco, medidas personalizadas y envío gratuito.;margin-right: auto-width-342-height-114-p
upsert;6769;Blindecor W-U-06220 Estor Enrollable Estampado Digital Ciudades Basic Tejido Traslúcido;Blindecor Estor Enrollable Estampado Digital Ciudades Traslúcido;Estores digitales con vistas de las ciudades más famosas del mundo. Diseño moderno, medidas a medida, precio barato y envío gratuito.;6769-blindecor-w-u-06220-estor-enrollable-estampado-digital-ciudades-basic-tejido-traslucido
upsert;margin-right: auto;width=342 height=114 /></p>;width=342 height=114 /></p>;Estor liso noche y día económico con sistema de doble tejido. Diseño elegante, medidas a medida y envío gratis.;margin-right: auto-width-342-height-114-p
upsert;6735;Blindecor W-U-34322 Estor Enrollable Estampado Digital Ciudades Basic Tejido Traslúcido;Blindecor Estor Enrollable Estampado Digital Ciudades Traslúcido;Viaja con tu mirada con estores digitales de ciudades. Estampado de alta calidad, económico, a medida y envío gratis.;6735-blindecor-w-u-34322-estor-enrollable-estampado-digital-ciudades-basic-tejido-traslucido
upsert;margin-right: auto;width=342 height=114 /></p>;width=342 height=114 /></p>;Estor liso de calidad en tejido translúcido o tipo noche y día. Económico, a medida y envío gratuito en todos tus pedidos.;margin-right: auto-width-342-height-114-p
upsert;6736;Blindecor W-U-57737 Estor Enrollable Estampado Digital Ciudades Basic Tejido Traslúcido;Blindecor Estor Enrollable Estampado Digital Ciudades Traslúcido;Estor con impresión digital de ciudades únicas del mundo. Diseño moderno y colorido, medidas a medida, barato y envío gratuito.;6736-blindecor-w-u-57737-estor-enrollable-estampado-digital-ciudades-basic-tejido-traslucido
upsert;margin-right: auto;width=342 height=114 /></p>;width=342 height=114 /></p>;Estor liso de alta calidad con tejido translúcido u opaco. Colores modernos, medidas personalizadas y envío gratis. ¡Al mejor precio!;margin-right: auto-width-342-height-114-p
upsert;6737;Blindecor W-U-66615 Estor Enrollable Estampado Digital Ciudades Basic Tejido Traslúcido;Blindecor Estor Enrollable Estampado Digital Ciudades Traslúcido;Estor digital de ciudades del mundo. Diseños exclusivos, precio económico, medidas personalizadas y envío gratuito.;6737-blindecor-w-u-66615-estor-enrollable-estampado-digital-ciudades-basic-tejido-traslucido
upsert;margin-right: auto;width=342 height=114 /></p>;width=342 height=114 /></p>;Estor enrollable liso económico con diseño actual. Tejido traslúcido u opaco, medidas a tu medida y envío gratis en toda España.;margin-right: auto-width-342-height-114-p
upsert;6738;Blindecor W-U-96383 Estor Enrollable Estampado Digital Ciudades Basic Tejido Traslúcido;Blindecor Estor Enrollable Estampado Digital Ciudades Traslúcido;Estor con estampado digital de ciudades del mundo. Diseños modernos y exclusivos, medidas personalizadas, precio económico y envío gratis.;6738-blindecor-w-u-96383-estor-enrollable-estampado-digital-ciudades-basic-tejido-traslucido
upsert;margin-right: auto;width=342 height=114 /></p>;width=342 height=114 /></p>;Estores lisos modernos al mejor precio. Múltiples colores, tejido translúcido u opaco, medidas personalizadas y envío gratuito.;margin-right: auto-width-342-height-114-p
upsert;6739;Blindecor W-C-03667 Estor Enrollable Estampado Digital Basic Cocina Tejido Traslúcido;Blindecor Estor Enrollable Estampado Digital Cocina Traslúcido;Estor digital para cocina de alta calidad. Bonitos diseños gastronómicos exclusivos, económico, a medida y envío gratuito.;6739-blindecor-w-c-03667-estor-enrollable-estampado-digital-basic-cocina-tejido-traslucido
upsert;margin-right: auto;width=342 height=114 /></p>;width=342 height=114 /></p>;Estor liso noche y día económico con sistema de doble tejido. Diseño elegante, medidas a medida y envío gratis.;margin-right: auto-width-342-height-114-p
upsert;6740;Blindecor W-C-72178 Estor Enrollable Estampado Digital Basic Cocina Tejido Traslúcido;Blindecor Estor Enrollable Estampado Digital Cocina Traslúcido;Estores digitales para cocinas modernas y originales. Precio barato, medidas a medida, instalación fácil y envío gratis.;6740-blindecor-w-c-72178-estor-enrollable-estampado-digital-basic-cocina-tejido-traslucido
upsert;margin-right: auto;width=342 height=114 /></p>;width=342 height=114 /></p>;Estor liso de calidad en tejido translúcido o tipo noche y día. Económico, a medida y envío gratuito en todos tus pedidos.;margin-right: auto-width-342-height-114-p
upsert;6741;Blindecor W-C-78404 Estor Enrollable Estampado Digital Basic Cocina Tejido Traslúcido;Blindecor Estor Enrollable Estampado Digital Cocina Traslúcido;Estor con estampado digital para cocina. Diseños modernos gastronómicos, medidas personalizadas, precio económico y envío gratis.;6741-blindecor-w-c-78404-estor-enrollable-estampado-digital-basic-cocina-tejido-traslucido
upsert;margin-right: auto;width=342 height=114 /></p>;width=342 height=114 /></p>;Estor liso de alta calidad con tejido translúcido u opaco. Colores modernos, medidas personalizadas y envío gratis. ¡Al mejor precio!;margin-right: auto-width-342-height-114-p
upsert;6742;Blindecor W-C-89827 Estor Enrollable Estampado Digital Basic Cocina Tejido Traslúcido;Blindecor Estor Enrollable Estampado Digital Cocina Traslúcido;Estores digitales para cocina con diseños únicos y modernos. A tu medida, precio barato y envío gratuito en toda España.;6742-blindecor-w-c-89827-estor-enrollable-estampado-digital-basic-cocina-tejido-traslucido
upsert;margin-right: auto;width=342 height=114 /></p>;width=342 height=114 /></p>;Estor enrollable liso económico con diseño actual. Tejido traslúcido u opaco, medidas a tu medida y envío gratis en toda España.;margin-right: auto-width-342-height-114-p
upsert;6743;Blindecor W-C-90709 Estor Enrollable Estampado Digital Basic Cocina Tejido Traslúcido;Blindecor Estor Enrollable Estampado Digital Cocina Traslúcido;Dale estilo a tu cocina con estores digitales exclusivos. Diseños temáticos modernos, a medida, precio económico y envío gratis.;6743-blindecor-w-c-90709-estor-enrollable-estampado-digital-basic-cocina-tejido-traslucido
upsert;margin-right: auto;width=342 height=114 /></p>;width=342 height=114 /></p>;Estores lisos modernos al mejor precio. Múltiples colores, tejido translúcido u opaco, medidas personalizadas y envío gratuito.;margin-right: auto-width-342-height-114-p
upsert;6744;Blindecor W-I-20294 Estor Enrollable Estampado Digital Infantil Basic Tejido Traslúcido;Blindecor Estor Enrollable Estampado Digital Infantil Traslúcido;Bonito estor infantil digital de alta calidad. Diseños temáticos para niños, económico, a medida y con envío gratuito.;6744-blindecor-w-i-20294-estor-enrollable-estampado-digital-infantil-basic-tejido-traslucido
upsert;margin-right: auto;width=342 height=114 /></p>;width=342 height=114 /></p>;Estor liso noche y día económico con sistema de doble tejido. Diseño elegante, medidas a medida y envío gratis.;margin-right: auto-width-342-height-114-p
upsert;6745;Blindecor W-I-54168 Estor Enrollable Estampado Digital Infantil Basic Tejido Traslúcido;Blindecor Estor Enrollable Estampado Digital Infantil Traslúcido;Estores digitales infantiles con diseños alegres y coloridos. A tu medida, precio económico y envío gratis. ¡Los niños los adorarán!;6745-blindecor-w-i-54168-estor-enrollable-estampado-digital-infantil-basic-tejido-traslucido
upsert;margin-right: auto;width=342 height=114 /></p>;width=342 height=114 /></p>;Estor liso de calidad en tejido translúcido o tipo noche y día. Económico, a medida y envío gratuito en todos tus pedidos.;margin-right: auto-width-342-height-114-p
upsert;6746;Blindecor W-I-60513 Estor Enrollable Estampado Digital Infantil Basic Tejido Traslúcido;Blindecor Estor Enrollable Estampado Digital Infantil Traslúcido;Estor infantil con estampado digital exclusivo. Colores vivos para niños, medidas a medida, barato y envío gratuito.;6746-blindecor-w-i-60513-estor-enrollable-estampado-digital-infantil-basic-tejido-traslucido
upsert;margin-right: auto;width=342 height=114 /></p>;width=342 height=114 /></p>;Estor liso de alta calidad con tejido translúcido u opaco. Colores modernos, medidas personalizadas y envío gratis. ¡Al mejor precio!;margin-right: auto-width-342-height-114-p
upsert;6751;Blindecor W-J-22126 Estor Enrollable Estampado Digital Basic Juvenil Tejido Traslúcido;Blindecor Estor Enrollable Estampado Digital Juvenil Traslúcido;Estor juvenil de diseño original con impresión digital. Deportes y aficiones en tu ventana, barato, a medida y envío gratis.;6751-blindecor-w-j-22126-estor-enrollable-estampado-digital-basic-juvenil-tejido-traslucido
upsert;margin-right: auto;width=342 height=114 /></p>;width=342 height=114 /></p>;Estor enrollable liso económico con diseño actual. Tejido traslúcido u opaco, medidas a tu medida y envío gratis en toda España.;margin-right: auto-width-342-height-114-p
upsert;6752;Blindecor W-J-45957 Estor Enrollable Estampado Digital Basic Juvenil Tejido Traslúcido;Blindecor Estor Enrollable Estampado Digital Juvenil Traslúcido;Estor juvenil con estampado digital de diseños modernos. Deportes y aficiones favoritas, medidas personalizadas, precio barato y envío gratis.;6752-blindecor-w-j-45957-estor-enrollable-estampado-digital-basic-juvenil-tejido-traslucido
upsert;margin-right: auto;width=342 height=114 /></p>;width=342 height=114 /></p>;Estores lisos modernos al mejor precio. Múltiples colores, tejido translúcido u opaco, medidas personalizadas y envío gratuito.;margin-right: auto-width-342-height-114-p
upsert;6753;Blindecor W-J-81396 Estor Enrollable Estampado Digital Basic Juvenil Tejido Traslúcido;Blindecor Estor Enrollable Estampado Digital Juvenil Traslúcido;Estores digitales juveniles con temáticas modernas de deporte y moda. Económicos, a medida y envío gratuito. ¡Estilo garantizado!;6753-blindecor-w-j-81396-estor-enrollable-estampado-digital-basic-juvenil-tejido-traslucido
upsert;margin-right: auto;width=342 height=114 /></p>;width=342 height=114 /></p>;Estor liso noche y día económico con sistema de doble tejido. Diseño elegante, medidas a medida y envío gratis.;margin-right: auto-width-342-height-114-p
upsert;6754;Blindecor W-P-08770 Estor Enrollable Estampado Digital Paisajes Basic Tejido Traslúcido;Blindecor Estor Enrollable Estampado Digital Paisajes Traslúcido;Transforma tu hogar con estores de paisajes digitales. Diseños naturales modernos, precio económico, a medida y envío gratis.;6754-blindecor-w-p-08770-estor-enrollable-estampado-digital-paisajes-basic-tejido-traslucido
upsert;margin-right: auto;width=342 height=114 /></p>;width=342 height=114 /></p>;Estor liso de calidad en tejido translúcido o tipo noche y día. Económico, a medida y envío gratuito en todos tus pedidos.;margin-right: auto-width-342-height-114-p
upsert;6755;Blindecor W-P-48493 Estor Enrollable Estampado Digital Paisajes Basic Tejido Traslúcido;Blindecor Estor Enrollable Estampado Digital Paisajes Traslúcido;Estor con estampado digital de paisajes naturales. Diseños relajantes, medidas personalizadas, precio económico y envío gratis.;6755-blindecor-w-p-48493-estor-enrollable-estampado-digital-paisajes-basic-tejido-traslucido
upsert;margin-right: auto;width=342 height=114 /></p>;width=342 height=114 /></p>;Estor liso de alta calidad con tejido translúcido u opaco. Colores modernos, medidas personalizadas y envío gratis. ¡Al mejor precio!;margin-right: auto-width-342-height-114-p
upsert;6756;Blindecor W-P-56224 Estor Enrollable Estampado Digital Paisajes Basic Tejido Traslúcido;Blindecor Estor Enrollable Estampado Digital Paisajes Traslúcido;Estores digitales con impresionantes paisajes naturales. Relajantes y modernos, económicos, a medida y envío gratuito.;6756-blindecor-w-p-56224-estor-enrollable-estampado-digital-paisajes-basic-tejido-traslucido
upsert;margin-right: auto;width=342 height=114 /></p>;width=342 height=114 /></p>;Estor enrollable liso económico con diseño actual. Tejido traslúcido u opaco, medidas a tu medida y envío gratis en toda España.;margin-right: auto-width-342-height-114-p
upsert;6757;Blindecor W-P-77231 Estor Enrollable Estampado Digital Paisajes Basic Tejido Traslúcido;Blindecor Estor Enrollable Estampado Digital Paisajes Traslúcido;Decora con belleza natural con estores digitales de paisajes. Diseños únicos, medidas personalizadas, barato y envío gratis.;6757-blindecor-w-p-77231-estor-enrollable-estampado-digital-paisajes-basic-tejido-traslucido
upsert;margin-right: auto;width=342 height=114 /></p>;width=342 height=114 /></p>;Estores lisos modernos al mejor precio. Múltiples colores, tejido translúcido u opaco, medidas personalizadas y envío gratuito.;margin-right: auto-width-342-height-114-p
upsert;6758;Blindecor W-P-83012 Estor Enrollable Estampado Digital Paisajes Basic Tejido Traslúcido;Blindecor Estor Enrollable Estampado Digital Paisajes Traslúcido;Estor con impresión digital de paisajes del mundo. Diseño relajante y exclusivo, económico, a medida y envío gratuito.;6758-blindecor-w-p-83012-estor-enrollable-estampado-digital-paisajes-basic-tejido-traslucido
upsert;margin-right: auto;width=342 height=114 /></p>;width=342 height=114 /></p>;Estor liso noche y día económico con sistema de doble tejido. Diseño elegante, medidas a medida y envío gratis.;margin-right: auto-width-342-height-114-p
upsert;6759;Blindecor W-V-04485 Estor Enrollable Estampado Digital Basic Varios Tejido Traslúcido;Blindecor Estor Enrollable Estampado Digital Varios Traslúcido;Estor con estampado digital de diseño exclusivo. Patrones únicos y modernos, precio económico, a medida y envío gratis.;6759-blindecor-w-v-04485-estor-enrollable-estampado-digital-basic-varios-tejido-traslucido
upsert;margin-right: auto;width=342 height=114 /></p>;width=342 height=114 /></p>;Estor liso de calidad en tejido translúcido o tipo noche y día. Económico, a medida y envío gratuito en todos tus pedidos.;margin-right: auto-width-342-height-114-p
upsert;6760;Blindecor W-V-15744 Estor Enrollable Estampado Digital Basic Varios Tejido Traslúcido;Blindecor Estor Enrollable Estampado Digital Varios Traslúcido;Dale un toque único con estores digitales de diseño exclusivo. Modernos y bonitos, precio barato, a medida y envío gratis.;6760-blindecor-w-v-15744-estor-enrollable-estampado-digital-basic-varios-tejido-traslucido
upsert;margin-right: auto;width=342 height=114 /></p>;width=342 height=114 /></p>;Estor liso de alta calidad con tejido translúcido u opaco. Colores modernos, medidas personalizadas y envío gratis. ¡Al mejor precio!;margin-right: auto-width-342-height-114-p
upsert;6761;Blindecor W-V-35696 Estor Enrollable Estampado Digital Basic Varios Tejido Traslúcido;Blindecor Estor Enrollable Estampado Digital Varios Traslúcido;Estores digitales con diseños originales y modernos. Gran variedad de patrones, precio económico, a medida y envío gratuito.;6761-blindecor-w-v-35696-estor-enrollable-estampado-digital-basic-varios-tejido-traslucido
upsert;margin-right: auto;width=342 height=114 /></p>;width=342 height=114 /></p>;Estor enrollable liso económico con diseño actual. Tejido traslúcido u opaco, medidas a tu medida y envío gratis en toda España.;margin-right: auto-width-342-height-114-p
upsert;6762;BlindecorW-V-61663 Estor Enrollable Estampado Digital Basic Varios Tejido Traslúcido;BlindecorW- Estor Enrollable Estampado Digital Varios Traslúcido;Estor con estampado digital de diseños exclusivos y modernos. Precios baratos, medidas personalizadas y envío gratuito en España.;6762-blindecorw-v-61663-estor-enrollable-estampado-digital-basic-varios-tejido-traslucido
upsert;margin-right: auto;width=342 height=114 /></p>;width=342 height=114 /></p>;Estores lisos modernos al mejor precio. Múltiples colores, tejido translúcido u opaco, medidas personalizadas y envío gratuito.;margin-right: auto-width-342-height-114-p
upsert;6763;Blindecor W-V-80853 Estor Enrollable Estampado Digital Basic Varios Tejido Traslúcido;Blindecor Estor Enrollable Estampado Digital Varios Traslúcido;Estores digitales con diseños abstractos y patrones únicos. Modernos y exclusivos, económicos, a medida y con envío gratuito.;6763-blindecor-w-v-80853-estor-enrollable-estampado-digital-basic-varios-tejido-traslucido
upsert;margin-right: auto;width=342 height=114 /></p>;width=342 height=114 /></p>;Estor liso noche y día económico con sistema de doble tejido. Diseño elegante, medidas a medida y envío gratis.;margin-right: auto-width-342-height-114-p
upsert;6764;Blindecor W-Z-01287 Estor Enrollable Estampado Digital Basic Zen Tejido Traslúcido;Blindecor Estor Enrollable Estampado Digital Zen Traslúcido;Estor con estampado digital de temática Zen. Diseños relajantes y modernos, medidas personalizadas, precio económico y envío gratis.;6764-blindecor-w-z-01287-estor-enrollable-estampado-digital-basic-zen-tejido-traslucido
upsert;margin-right: auto;width=342 height=114 /></p>;width=342 height=114 /></p>;Estor liso de calidad en tejido translúcido o tipo noche y día. Económico, a medida y envío gratuito en todos tus pedidos.;margin-right: auto-width-342-height-114-p
upsert;6765;Blindecor W-Z-04502 Estor Enrollable Estampado Digital Basic Zen Tejido Traslúcido;Blindecor Estor Enrollable Estampado Digital Zen Traslúcido;Estores Zen digitales para crear ambientes de paz y tranquilidad. Diseños exclusivos, económicos, a medida y envío gratuito.;6765-blindecor-w-z-04502-estor-enrollable-estampado-digital-basic-zen-tejido-traslucido
upsert;margin-right: auto;width=342 height=114 /></p>;width=342 height=114 /></p>;Estor liso de alta calidad con tejido translúcido u opaco. Colores modernos, medidas personalizadas y envío gratis. ¡Al mejor precio!;margin-right: auto-width-342-height-114-p
upsert;6767;Blindecor W-Z-16040 Estor Enrollable Estampado Digital Basic Zen Tejido Traslúcido;Blindecor Estor Enrollable Estampado Digital Zen Traslúcido;Crea un ambiente zen con estores de impresión digital. Diseños relajantes, precio barato, medidas a medida y envío gratis.;6767-blindecor-w-z-16040-estor-enrollable-estampado-digital-basic-zen-tejido-traslucido
upsert;margin-right: auto;width=342 height=114 /></p>;width=342 height=114 /></p>;Estor enrollable liso económico con diseño actual. Tejido traslúcido u opaco, medidas a tu medida y envío gratis en toda España.;margin-right: auto-width-342-height-114-p
upsert;6768;Blindecor W-Z-47466 Estor Enrollable Estampado Digital Basic Zen Tejido Traslúcido;Blindecor Estor Enrollable Estampado Digital Zen Traslúcido;Estor digital Zen inspirado en la naturaleza y la paz. Diseño exclusivo, económico, a medida y envío gratuito.;6768-blindecor-w-z-47466-estor-enrollable-estampado-digital-basic-zen-tejido-traslucido
upsert;margin-right: auto;width=342 height=114 /></p>;width=342 height=114 /></p>;Estores lisos modernos al mejor precio. Múltiples colores, tejido translúcido u opaco, medidas personalizadas y envío gratuito.;margin-right: auto-width-342-height-114-p
upsert;9500;Happystor HSCU4144 Estor Enrollable Estampado Digital Ciudades Tejido Traslúcido;Happystor Estor Enrollable Estampado Digital Ciudades Traslúcido;Estores digitales con vistas de las ciudades más famosas del mundo. Diseño moderno, medidas a medida, precio barato y envío gratuito.;9500-happystor-hscu4144-estor-enrollable-estampado-digital-ciudades-tejido-traslucido
upsert;margin-right: auto;width=342 height=114 /></p>;width=342 height=114 /></p>;Estor liso noche y día económico con sistema de doble tejido. Diseño elegante, medidas a medida y envío gratis.;margin-right: auto-width-342-height-114-p
upsert;9501;Happystor HSCU9460 Estor Enrollable Estampado Digital Ciudades Tejido Traslúcido;Happystor Estor Enrollable Estampado Digital Ciudades Traslúcido;Viaja con tu mirada con estores digitales de ciudades. Estampado de alta calidad, económico, a medida y envío gratis.;9501-happystor-hscu9460-estor-enrollable-estampado-digital-ciudades-tejido-traslucido
upsert;margin-right: auto;width=342 height=114 /></p>;width=342 height=114 /></p>;Estor liso de calidad en tejido translúcido o tipo noche y día. Económico, a medida y envío gratuito en todos tus pedidos.;margin-right: auto-width-342-height-114-p
upsert;9502;Happystor HSCU4181 Estor Enrollable Estampado Digital Ciudades Tejido Traslúcido;Happystor Estor Enrollable Estampado Digital Ciudades Traslúcido;Estor con impresión digital de ciudades únicas del mundo. Diseño moderno y colorido, medidas a medida, barato y envío gratuito.;9502-happystor-hscu4181-estor-enrollable-estampado-digital-ciudades-tejido-traslucido
upsert;margin-right: auto;width=342 height=114 /></p>;width=342 height=114 /></p>;Estor liso de alta calidad con tejido translúcido u opaco. Colores modernos, medidas personalizadas y envío gratis. ¡Al mejor precio!;margin-right: auto-width-342-height-114-p
upsert;9503;Happystor HSCU9058 Estor Enrollable Estampado Digital Ciudades Tejido Traslúcido;Happystor Estor Enrollable Estampado Digital Ciudades Traslúcido;Estor digital de ciudades del mundo. Diseños exclusivos, precio económico, medidas personalizadas y envío gratuito.;9503-happystor-hscu9058-estor-enrollable-estampado-digital-ciudades-tejido-traslucido
upsert;margin-right: auto;width=342 height=114 /></p>;width=342 height=114 /></p>;Estor enrollable liso económico con diseño actual. Tejido traslúcido u opaco, medidas a tu medida y envío gratis en toda España.;margin-right: auto-width-342-height-114-p
upsert;9504;Happystor  HSCI3069 Estor Enrollable Estampado Digital Infantil Tejido Traslúcido;Happystor Estor Enrollable Estampado Digital Infantil Traslúcido;Decora la habitación infantil con estores digitales modernos. Diseños coloridos, económicos, a medida y con envío gratis.;9504-happystor-hsci3069-estor-enrollable-estampado-digital-infantil-tejido-traslucido
upsert;margin-right: auto;width=342 height=114 /></p>;width=342 height=114 /></p>;Estores lisos modernos al mejor precio. Múltiples colores, tejido translúcido u opaco, medidas personalizadas y envío gratuito.;margin-right: auto-width-342-height-114-p
upsert;9505;Happystor  HSCI2387 Estor Enrollable Estampado Digital Infantil Tejido Traslúcido;Happystor Estor Enrollable Estampado Digital Infantil Traslúcido;Estor infantil con estampado digital divertido. Diseños coloridos para niños, medidas personalizadas, precio barato y envío gratis.;9505-happystor-hsci2387-estor-enrollable-estampado-digital-infantil-tejido-traslucido
upsert;margin-right: auto;width=342 height=114 /></p>;width=342 height=114 /></p>;Estor liso noche y día económico con sistema de doble tejido. Diseño elegante, medidas a medida y envío gratis.;margin-right: auto-width-342-height-114-p
upsert;9506;Happystor HSCP6000 Estor Enrollable Estampado Digital Paisajes Tejido Traslúcido;Happystor Estor Enrollable Estampado Digital Paisajes Traslúcido;Transforma tu hogar con estores de paisajes digitales. Diseños naturales modernos, precio económico, a medida y envío gratis.;9506-happystor-hscp6000-estor-enrollable-estampado-digital-paisajes-tejido-traslucido
upsert;margin-right: auto;width=342 height=114 /></p>;width=342 height=114 /></p>;Estor liso de calidad en tejido translúcido o tipo noche y día. Económico, a medida y envío gratuito en todos tus pedidos.;margin-right: auto-width-342-height-114-p
upsert;9507;Happystor HSCP2078 Estor Enrollable Estampado Digital Paisajes Tejido Traslúcido;Happystor Estor Enrollable Estampado Digital Paisajes Traslúcido;Estor con estampado digital de paisajes naturales. Diseños relajantes, medidas personalizadas, precio económico y envío gratis.;9507-happystor-hscp2078-estor-enrollable-estampado-digital-paisajes-tejido-traslucido
upsert;margin-right: auto;width=342 height=114 /></p>;width=342 height=114 /></p>;Estor liso de alta calidad con tejido translúcido u opaco. Colores modernos, medidas personalizadas y envío gratis. ¡Al mejor precio!;margin-right: auto-width-342-height-114-p
upsert;9508;Happystor HSCP6482 Estor Enrollable Estampado Digital Paisajes Tejido Traslúcido;Happystor Estor Enrollable Estampado Digital Paisajes Traslúcido;Estores digitales con impresionantes paisajes naturales. Relajantes y modernos, económicos, a medida y envío gratuito.;9508-happystor-hscp6482-estor-enrollable-estampado-digital-paisajes-tejido-traslucido
upsert;margin-right: auto;width=342 height=114 /></p>;width=342 height=114 /></p>;Estor enrollable liso económico con diseño actual. Tejido traslúcido u opaco, medidas a tu medida y envío gratis en toda España.;margin-right: auto-width-342-height-114-p
upsert;9509;Happystor HSCC4447 Estor Enrollable Estampado Digital Cocina Tejido Traslúcido;Happystor Estor Enrollable Estampado Digital Cocina Traslúcido;Estor digital para cocina de alta calidad. Bonitos diseños gastronómicos exclusivos, económico, a medida y envío gratuito.;9509-happystor-hscc4447-estor-enrollable-estampado-digital-cocina-tejido-traslucido
upsert;margin-right: auto;width=342 height=114 /></p>;width=342 height=114 /></p>;Estores lisos modernos al mejor precio. Múltiples colores, tejido translúcido u opaco, medidas personalizadas y envío gratuito.;margin-right: auto-width-342-height-114-p
upsert;9510;Happystor HSCC4648 Estor Enrollable Estampado Digital Cocina Tejido Traslúcido;Happystor Estor Enrollable Estampado Digital Cocina Traslúcido;Estores digitales para cocinas modernas y originales. Precio barato, medidas a medida, instalación fácil y envío gratis.;9510-happystor-hscc4648-estor-enrollable-estampado-digital-cocina-tejido-traslucido
upsert;margin-right: auto;width=342 height=114 /></p>;width=342 height=114 /></p>;Estor liso noche y día económico con sistema de doble tejido. Diseño elegante, medidas a medida y envío gratis.;margin-right: auto-width-342-height-114-p
upsert;9511;Happystor HSCC7380 Estor Enrollable Estampado Digital Cocina Tejido Traslúcido;Happystor Estor Enrollable Estampado Digital Cocina Traslúcido;Estor con estampado digital para cocina. Diseños modernos gastronómicos, medidas personalizadas, precio económico y envío gratis.;9511-happystor-hscc7380-estor-enrollable-estampado-digital-cocina-tejido-traslucido
upsert;margin-right: auto;width=342 height=114 /></p>;width=342 height=114 /></p>;Estor liso de calidad en tejido translúcido o tipo noche y día. Económico, a medida y envío gratuito en todos tus pedidos.;margin-right: auto-width-342-height-114-p
upsert;9512;Happystor HSCC8478 Estor Enrollable Estampado Digital Cocina Tejido Traslúcido;Happystor Estor Enrollable Estampado Digital Cocina Traslúcido;Estores digitales para cocina con diseños únicos y modernos. A tu medida, precio barato y envío gratuito en toda España.;9512-happystor-hscc8478-estor-enrollable-estampado-digital-cocina-tejido-traslucido
upsert;margin-right: auto;width=342 height=114 /></p>;width=342 height=114 /></p>;Estor liso de alta calidad con tejido translúcido u opaco. Colores modernos, medidas personalizadas y envío gratis. ¡Al mejor precio!;margin-right: auto-width-342-height-114-p
upsert;9513;Happystor HSCC0838 Estor Enrollable Estampado Digital Cocina Tejido Traslúcido;Happystor Estor Enrollable Estampado Digital Cocina Traslúcido;Dale estilo a tu cocina con estores digitales exclusivos. Diseños temáticos modernos, a medida, precio económico y envío gratis.;9513-happystor-hscc0838-estor-enrollable-estampado-digital-cocina-tejido-traslucido
upsert;margin-right: auto;width=342 height=114 /></p>;width=342 height=114 /></p>;Estor enrollable liso económico con diseño actual. Tejido traslúcido u opaco, medidas a tu medida y envío gratis en toda España.;margin-right: auto-width-342-height-114-p
upsert;9514;Happystor HSCC3754 Estor Enrollable Estampado Digital Cocina Tejido Traslúcido;Happystor Estor Enrollable Estampado Digital Cocina Traslúcido;Estor digital para cocina de alta calidad. Bonitos diseños gastronómicos exclusivos, económico, a medida y envío gratuito.;9514-happystor-hscc3754-estor-enrollable-estampado-digital-cocina-tejido-traslucido
upsert;margin-right: auto;width=342 height=114 /></p>;width=342 height=114 /></p>;Estores lisos modernos al mejor precio. Múltiples colores, tejido translúcido u opaco, medidas personalizadas y envío gratuito.;margin-right: auto-width-342-height-114-p
upsert;9515;Happystor HSCC6822 Estor Enrollable Estampado Digital Cocina Tejido Traslúcido;Happystor Estor Enrollable Estampado Digital Cocina Traslúcido;Estores digitales para cocinas modernas y originales. Precio barato, medidas a medida, instalación fácil y envío gratis.;9515-happystor-hscc6822-estor-enrollable-estampado-digital-cocina-tejido-traslucido
upsert;margin-right: auto;width=342 height=114 /></p>;width=342 height=114 /></p>;Estor liso noche y día económico con sistema de doble tejido. Diseño elegante, medidas a medida y envío gratis.;margin-right: auto-width-342-height-114-p
upsert;9516;Happystor HSCV1575 Estor Enrollable Estampado Digital Varios Tejido Traslúcido;Happystor Estor Enrollable Estampado Digital Varios Traslúcido;Estor con estampado digital de diseño exclusivo. Patrones únicos y modernos, precio económico, a medida y envío gratis.;9516-happystor-hscv1575-estor-enrollable-estampado-digital-varios-tejido-traslucido
upsert;margin-right: auto;width=342 height=114 /></p>;width=342 height=114 /></p>;Estor liso de calidad en tejido translúcido o tipo noche y día. Económico, a medida y envío gratuito en todos tus pedidos.;margin-right: auto-width-342-height-114-p
upsert;9517;Happystor HSCV1893 Estor Enrollable Estampado Digital Varios Tejido Traslúcido;Happystor Estor Enrollable Estampado Digital Varios Traslúcido;Dale un toque único con estores digitales de diseño exclusivo. Modernos y bonitos, precio barato, a medida y envío gratis.;9517-happystor-hscv1893-estor-enrollable-estampado-digital-varios-tejido-traslucido
upsert;margin-right: auto;width=342 height=114 /></p>;width=342 height=114 /></p>;Estor liso de alta calidad con tejido translúcido u opaco. Colores modernos, medidas personalizadas y envío gratis. ¡Al mejor precio!;margin-right: auto-width-342-height-114-p
upsert;9518;Happystor HSCV3103 Estor Enrollable Estampado Digital Varios Tejido Traslúcido;Happystor Estor Enrollable Estampado Digital Varios Traslúcido;Estores digitales con diseños originales y modernos. Gran variedad de patrones, precio económico, a medida y envío gratuito.;9518-happystor-hscv3103-estor-enrollable-estampado-digital-varios-tejido-traslucido
upsert;margin-right: auto;width=342 height=114 /></p>;width=342 height=114 /></p>;Estor enrollable liso económico con diseño actual. Tejido traslúcido u opaco, medidas a tu medida y envío gratis en toda España.;margin-right: auto-width-342-height-114-p
upsert;9519;Happystor HSCV6892 Estor Enrollable Estampado Digital Varios Tejido Traslúcido;Happystor Estor Enrollable Estampado Digital Varios Traslúcido;Estor con estampado digital de diseños exclusivos y modernos. Precios baratos, medidas personalizadas y envío gratuito en España.;9519-happystor-hscv6892-estor-enrollable-estampado-digital-varios-tejido-traslucido
upsert;margin-right: auto;width=342 height=114 /></p>;width=342 height=114 /></p>;Estores lisos modernos al mejor precio. Múltiples colores, tejido translúcido u opaco, medidas personalizadas y envío gratuito.;margin-right: auto-width-342-height-114-p
upsert;9520;Happystor HSCV4340 Estor Enrollable Estampado Digital Varios Tejido Traslúcido;Happystor Estor Enrollable Estampado Digital Varios Traslúcido;Estores digitales con diseños abstractos y patrones únicos. Modernos y exclusivos, económicos, a medida y con envío gratuito.;9520-happystor-hscv4340-estor-enrollable-estampado-digital-varios-tejido-traslucido
upsert;margin-right: auto;width=342 height=114 /></p>;width=342 height=114 /></p>;Estor liso noche y día económico con sistema de doble tejido. Diseño elegante, medidas a medida y envío gratis.;margin-right: auto-width-342-height-114-p
upsert;9521;Happystor HSCZ2617 Estor Enrollable Estampado Digital Zen Tejido Traslúcido;Happystor Estor Enrollable Estampado Digital Zen Traslúcido;Transforma tu espacio con estores digitales Zen. Diseños inspiradores, precio económico, a medida y envío gratis.;9521-happystor-hscz2617-estor-enrollable-estampado-digital-zen-tejido-traslucido
upsert;margin-right: auto;width=342 height=114 /></p>;width=342 height=114 /></p>;Estor liso de calidad en tejido translúcido o tipo noche y día. Económico, a medida y envío gratuito en todos tus pedidos.;margin-right: auto-width-342-height-114-p
upsert;9522;Happystor HSCZ5905 Estor Enrollable Estampado Digital Zen Tejido Traslúcido;Happystor Estor Enrollable Estampado Digital Zen Traslúcido;Estor con estampado digital de temática Zen. Diseños relajantes y modernos, medidas personalizadas, precio económico y envío gratis.;9522-happystor-hscz5905-estor-enrollable-estampado-digital-zen-tejido-traslucido
upsert;margin-right: auto;width=342 height=114 /></p>;width=342 height=114 /></p>;Estor liso de alta calidad con tejido translúcido u opaco. Colores modernos, medidas personalizadas y envío gratis. ¡Al mejor precio!;margin-right: auto-width-342-height-114-p
upsert;9523;Happystor HSCZ5911 Estor Enrollable Estampado Digital Zen Tejido Traslúcido;Happystor Estor Enrollable Estampado Digital Zen Traslúcido;Estores Zen digitales para crear ambientes de paz y tranquilidad. Diseños exclusivos, económicos, a medida y envío gratuito.;9523-happystor-hscz5911-estor-enrollable-estampado-digital-zen-tejido-traslucido
upsert;margin-right: auto;width=342 height=114 /></p>;width=342 height=114 /></p>;Estor enrollable liso económico con diseño actual. Tejido traslúcido u opaco, medidas a tu medida y envío gratis en toda España.;margin-right: auto-width-342-height-114-p
upsert;9524;Happystor HSCZ7973 Estor Enrollable Estampado Digital Zen Tejido Traslúcido;Happystor Estor Enrollable Estampado Digital Zen Traslúcido;Crea un ambiente zen con estores de impresión digital. Diseños relajantes, precio barato, medidas a medida y envío gratis.;9524-happystor-hscz7973-estor-enrollable-estampado-digital-zen-tejido-traslucido
upsert;margin-right: auto;width=342 height=114 /></p>;width=342 height=114 /></p>;Estores lisos modernos al mejor precio. Múltiples colores, tejido translúcido u opaco, medidas personalizadas y envío gratuito.;margin-right: auto-width-342-height-114-p
upsert;9525;Happystor HSCZ9324 Estor Enrollable Estampado Digital Zen Tejido Traslúcido;Happystor Estor Enrollable Estampado Digital Zen Traslúcido;Estor digital Zen inspirado en la naturaleza y la paz. Diseño exclusivo, económico, a medida y envío gratuito.;9525-happystor-hscz9324-estor-enrollable-estampado-digital-zen-tejido-traslucido
upsert;margin-right: auto;width=342 height=114 /></p>;width=342 height=114 /></p>;Estor liso noche y día económico con sistema de doble tejido. Diseño elegante, medidas a medida y envío gratis.;margin-right: auto-width-342-height-114-p
upsert;9526;Happystor MilRayas Estor Enrollable Estampado Digital Fantasia Tejido Traslúcido;Happystor MilRayas Estor Estampado Digital Fantasia Traslúcido;Estor con estampado digital de fantasía y diseño moderno. Diseños únicos y coloridos, medidas a medida, precio barato y envío gratis.;9526-happystor-milrayas-estor-enrollable-estampado-digital-fantasia-tejido-traslucido
upsert;9527;Happystor Motas Estor Enrollable Estampado Digital Fantasia Tejido Traslúcido;Happystor Motas Estor Enrollable Estampado Digital Fantasia Traslúcido;Estores digitales de fantasía con diseños únicos y creativos. Modernos, económicos, a medida y envío gratuito en toda España.;9527-happystor-motas-estor-enrollable-estampado-digital-fantasia-tejido-traslucido
upsert;9528;Happystor Stars Estor Enrollable Estampado Digital Fantasia Tejido Traslúcido;Happystor Stars Estor Enrollable Estampado Digital Fantasia Traslúcido;Estor digital de fantasía con diseño creativo exclusivo. Patrones únicos y modernos, precio barato, a medida y envío gratuito.;9528-happystor-stars-estor-enrollable-estampado-digital-fantasia-tejido-traslucido
upsert;9529;Happystor Vichy Estor Enrollable Estampado Digital Fantasia Tejido Traslúcido;Happystor Vichy Estor Enrollable Estampado Digital Fantasia Traslúcido;Estampados de fantasía en estores digitales. Diseños únicos y modernos, precio económico, medidas personalizadas y envío gratis.;9529-happystor-vichy-estor-enrollable-estampado-digital-fantasia-tejido-traslucido
upsert;9530;Happystor HSCC91001 Estor Enrollable Estampado Digital Cocina Tejido Traslúcido;Happystor Estor Enrollable Estampado Digital Cocina Traslúcido;Estor con estampado digital para cocina. Diseños modernos gastronómicos, medidas personalizadas, precio económico y envío gratis.;9530-happystor-hscc91001-estor-enrollable-estampado-digital-cocina-tejido-traslucido
upsert;margin-right: auto;width=342 height=114 /></p>;width=342 height=114 /></p>;Estor liso de calidad en tejido translúcido o tipo noche y día. Económico, a medida y envío gratuito en todos tus pedidos.;margin-right: auto-width-342-height-114-p
upsert;9531;Happystor HSCC91002 Estor Enrollable Estampado Digital Cocina Tejido Traslúcido;Happystor Estor Enrollable Estampado Digital Cocina Traslúcido;Estores digitales para cocina con diseños únicos y modernos. A tu medida, precio barato y envío gratuito en toda España.;9531-happystor-hscc91002-estor-enrollable-estampado-digital-cocina-tejido-traslucido
upsert;margin-right: auto;width=342 height=114 /></p>;width=342 height=114 /></p>;Estor liso de alta calidad con tejido translúcido u opaco. Colores modernos, medidas personalizadas y envío gratis. ¡Al mejor precio!;margin-right: auto-width-342-height-114-p
upsert;9532;Happystor HSCC91003 Estor Enrollable Estampado Digital Cocina Tejido Traslúcido;Happystor Estor Enrollable Estampado Digital Cocina Traslúcido;Dale estilo a tu cocina con estores digitales exclusivos. Diseños temáticos modernos, a medida, precio económico y envío gratis.;9532-happystor-hscc91003-estor-enrollable-estampado-digital-cocina-tejido-traslucido
upsert;margin-right: auto;width=342 height=114 /></p>;width=342 height=114 /></p>;Estor enrollable liso económico con diseño actual. Tejido traslúcido u opaco, medidas a tu medida y envío gratis en toda España.;margin-right: auto-width-342-height-114-p
upsert;9533;Happystor Flores Estor Enrollable Estampado Digital Cocina Tejido Traslúcido;Happystor Flores Estor Enrollable Estampado Digital Cocina Traslúcido;Estor digital para cocina de alta calidad. Bonitos diseños gastronómicos exclusivos, económico, a medida y envío gratuito.;9533-happystor-flores-estor-enrollable-estampado-digital-cocina-tejido-traslucido
upsert;margin-right: auto;width=342 height=114 /></p>;width=342 height=114 /></p>;Estores lisos modernos al mejor precio. Múltiples colores, tejido translúcido u opaco, medidas personalizadas y envío gratuito.;margin-right: auto-width-342-height-114-p
upsert;9534;Happystor Hojas Estor Enrollable Estampado Digital Cocina Tejido Traslúcido;Happystor Hojas Estor Enrollable Estampado Digital Cocina Traslúcido;Estores digitales para cocinas modernas y originales. Precio barato, medidas a medida, instalación fácil y envío gratis.;9534-happystor-hojas-estor-enrollable-estampado-digital-cocina-tejido-traslucido
upsert;margin-right: auto;width=342 height=114 /></p>;width=342 height=114 /></p>;Estor liso noche y día económico con sistema de doble tejido. Diseño elegante, medidas a medida y envío gratis.;margin-right: auto-width-342-height-114-p
upsert;9535;Happystor Taza Estor Enrollable Estampado Digital Cocina Tejido Traslúcido;Happystor Taza Estor Enrollable Estampado Digital Cocina Traslúcido;Estor con estampado digital para cocina. Diseños modernos gastronómicos, medidas personalizadas, precio económico y envío gratis.;9535-happystor-taza-estor-enrollable-estampado-digital-cocina-tejido-traslucido
upsert;margin-right: auto;width=342 height=114 /></p>;width=342 height=114 /></p>;Estor liso de calidad en tejido translúcido o tipo noche y día. Económico, a medida y envío gratuito en todos tus pedidos.;margin-right: auto-width-342-height-114-p
upsert;9536;Happystor HSCC91020 Estor Enrollable Estampado Digital Cocina Tejido Traslúcido;Happystor Estor Enrollable Estampado Digital Cocina Traslúcido;Estores digitales para cocina con diseños únicos y modernos. A tu medida, precio barato y envío gratuito en toda España.;9536-happystor-hscc91020-estor-enrollable-estampado-digital-cocina-tejido-traslucido
upsert;margin-right: auto;width=342 height=114 /></p>;width=342 height=114 /></p>;Estor liso de alta calidad con tejido translúcido u opaco. Colores modernos, medidas personalizadas y envío gratis. ¡Al mejor precio!;margin-right: auto-width-342-height-114-p
upsert;9537;Happystor ZigZag Estor Enrollable Estampado Digital Fantasia Tejido Traslúcido;Happystor ZigZag Estor Estampado Digital Fantasia Traslúcido;Estor con estampado digital de fantasía exclusivo. Diseños creativos y modernos, precio barato, a medida y envío gratuito.;9537-happystor-zigzag-estor-enrollable-estampado-digital-fantasia-tejido-traslucido
upsert;9538;Happystor Diamantes Estor Enrollable Estampado Digital Fantasia Tejido Traslúcido;Happystor Diamantes Estor Estampado Digital Fantasia Traslúcido;Estor con estampado digital de fantasía y diseño moderno. Diseños únicos y coloridos, medidas a medida, precio barato y envío gratis.;9538-happystor-diamantes-estor-enrollable-estampado-digital-fantasia-tejido-traslucido
upsert;9539;Happystor Flores 1 Estor Enrollable Estampado Digital Fantasia Tejido Traslúcido;Happystor Flores 1 Estor Estampado Digital Fantasia Traslúcido;Estores digitales de fantasía con diseños únicos y creativos. Modernos, económicos, a medida y envío gratuito en toda España.;9539-happystor-flores-1-estor-enrollable-estampado-digital-fantasia-tejido-traslucido
upsert;9540;Happystor Hojas 1 Estor Enrollable Estampado Digital Fantasia Tejido Traslúcido;Happystor Hojas 1 Estor Estampado Digital Fantasia Traslúcido;Estor digital de fantasía con diseño creativo exclusivo. Patrones únicos y modernos, precio barato, a medida y envío gratuito.;9540-happystor-hojas-1-estor-enrollable-estampado-digital-fantasia-tejido-traslucido
upsert;9541;Happystor Bosque Estor Enrollable Estampado Digital Fantasia Tejido Traslúcido;Happystor Bosque Estor Estampado Digital Fantasia Traslúcido;Estampados de fantasía en estores digitales. Diseños únicos y modernos, precio económico, medidas personalizadas y envío gratis.;9541-happystor-bosque-estor-enrollable-estampado-digital-fantasia-tejido-traslucido
upsert;9542;Happystor Hojas 2 Estor Enrollable Estampado Digital Fantasia Tejido Traslúcido;Happystor Hojas 2 Estor Estampado Digital Fantasia Traslúcido;Estor con estampado digital de fantasía exclusivo. Diseños creativos y modernos, precio barato, a medida y envío gratuito.;9542-happystor-hojas-2-estor-enrollable-estampado-digital-fantasia-tejido-traslucido
upsert;9543;Happystor Flores 2  Estor Enrollable Estampado Digital Fantasia Tejido Traslúcido;Happystor Flores 2 Estor Estampado Digital Fantasia Traslúcido;Estor con estampado digital de fantasía y diseño moderno. Diseños únicos y coloridos, medidas a medida, precio barato y envío gratis.;9543-happystor-flores-2-estor-enrollable-estampado-digital-fantasia-tejido-traslucido
upsert;9544;Happystor  HSCI97001 Estor Enrollable Estampado Digital Infantil Tejido Traslúcido;Happystor Estor Enrollable Estampado Digital Infantil Traslúcido;Bonito estor infantil digital de alta calidad. Diseños temáticos para niños, económico, a medida y con envío gratuito.;9544-happystor-hsci97001-estor-enrollable-estampado-digital-infantil-tejido-traslucido
upsert;margin-right: auto;width=342 height=114 /></p>;width=342 height=114 /></p>;Estor enrollable liso económico con diseño actual. Tejido traslúcido u opaco, medidas a tu medida y envío gratis en toda España.;margin-right: auto-width-342-height-114-p
upsert;9545;Happystor  HSCI97002 Estor Enrollable Estampado Digital Infantil Tejido Traslúcido;Happystor Estor Enrollable Estampado Digital Infantil Traslúcido;Estores digitales infantiles con diseños alegres y coloridos. A tu medida, precio económico y envío gratis. ¡Los niños los adorarán!;9545-happystor-hsci97002-estor-enrollable-estampado-digital-infantil-tejido-traslucido
upsert;margin-right: auto;width=342 height=114 /></p>;width=342 height=114 /></p>;Estores lisos modernos al mejor precio. Múltiples colores, tejido translúcido u opaco, medidas personalizadas y envío gratuito.;margin-right: auto-width-342-height-114-p
upsert;9546;Happystor  HSCI97003 Estor Enrollable Estampado Digital Infantil Tejido Traslúcido;Happystor Estor Enrollable Estampado Digital Infantil Traslúcido;Estor infantil con estampado digital exclusivo. Colores vivos para niños, medidas a medida, barato y envío gratuito.;9546-happystor-hsci97003-estor-enrollable-estampado-digital-infantil-tejido-traslucido
upsert;margin-right: auto;width=342 height=114 /></p>;width=342 height=114 /></p>;Estor liso noche y día económico con sistema de doble tejido. Diseño elegante, medidas a medida y envío gratis.;margin-right: auto-width-342-height-114-p
upsert;9547;Happystor  HSCI97004 Estor Enrollable Estampado Digital Infantil Tejido Traslúcido;Happystor Estor Enrollable Estampado Digital Infantil Traslúcido;Decora la habitación infantil con estores digitales modernos. Diseños coloridos, económicos, a medida y con envío gratis.;9547-happystor-hsci97004-estor-enrollable-estampado-digital-infantil-tejido-traslucido
upsert;margin-right: auto;width=342 height=114 /></p>;width=342 height=114 /></p>;Estor liso de calidad en tejido translúcido o tipo noche y día. Económico, a medida y envío gratuito en todos tus pedidos.;margin-right: auto-width-342-height-114-p
upsert;9548;Happystor  HSCI97006 Estor Enrollable Estampado Digital Infantil Tejido Traslúcido;Happystor Estor Enrollable Estampado Digital Infantil Traslúcido;Estor infantil con estampado digital divertido. Diseños coloridos para niños, medidas personalizadas, precio barato y envío gratis.;9548-happystor-hsci97006-estor-enrollable-estampado-digital-infantil-tejido-traslucido
upsert;margin-right: auto;width=342 height=114 /></p>;width=342 height=114 /></p>;Estor liso de alta calidad con tejido translúcido u opaco. Colores modernos, medidas personalizadas y envío gratis. ¡Al mejor precio!;margin-right: auto-width-342-height-114-p
upsert;9549;Happystor  HSCI97007 Estor Enrollable Estampado Digital Infantil Tejido Traslúcido;Happystor Estor Enrollable Estampado Digital Infantil Traslúcido;Bonito estor infantil digital de alta calidad. Diseños temáticos para niños, económico, a medida y con envío gratuito.;9549-happystor-hsci97007-estor-enrollable-estampado-digital-infantil-tejido-traslucido
upsert;margin-right: auto;width=342 height=114 /></p>;width=342 height=114 /></p>;Estor enrollable liso económico con diseño actual. Tejido traslúcido u opaco, medidas a tu medida y envío gratis en toda España.;margin-right: auto-width-342-height-114-p
upsert;9550;Happystor  HSCI97008 Estor Enrollable Estampado Digital Infantil Tejido Traslúcido;Happystor Estor Enrollable Estampado Digital Infantil Traslúcido;Estores digitales infantiles con diseños alegres y coloridos. A tu medida, precio económico y envío gratis. ¡Los niños los adorarán!;9550-happystor-hsci97008-estor-enrollable-estampado-digital-infantil-tejido-traslucido
upsert;margin-right: auto;width=342 height=114 /></p>;width=342 height=114 /></p>;Estores lisos modernos al mejor precio. Múltiples colores, tejido translúcido u opaco, medidas personalizadas y envío gratuito.;margin-right: auto-width-342-height-114-p
upsert;9551;Happystor  HSCI97009 Estor Enrollable Estampado Digital Infantil Tejido Traslúcido;Happystor Estor Enrollable Estampado Digital Infantil Traslúcido;Estor infantil con estampado digital exclusivo. Colores vivos para niños, medidas a medida, barato y envío gratuito.;9551-happystor-hsci97009-estor-enrollable-estampado-digital-infantil-tejido-traslucido
upsert;margin-right: auto;width=342 height=114 /></p>;width=342 height=114 /></p>;Estor liso noche y día económico con sistema de doble tejido. Diseño elegante, medidas a medida y envío gratis.;margin-right: auto-width-342-height-114-p
upsert;9552;Happystor  HSCI97010 Estor Enrollable Estampado Digital Infantil Tejido Traslúcido;Happystor Estor Enrollable Estampado Digital Infantil Traslúcido;Decora la habitación infantil con estores digitales modernos. Diseños coloridos, económicos, a medida y con envío gratis.;9552-happystor-hsci97010-estor-enrollable-estampado-digital-infantil-tejido-traslucido
upsert;margin-right: auto;width=342 height=114 /></p>;width=342 height=114 /></p>;Estor liso de calidad en tejido translúcido o tipo noche y día. Económico, a medida y envío gratuito en todos tus pedidos.;margin-right: auto-width-342-height-114-p
upsert;9553;Happystor  HSCI97011 Estor Enrollable Estampado Digital Infantil Tejido Traslúcido;Happystor Estor Enrollable Estampado Digital Infantil Traslúcido;Estor infantil con estampado digital divertido. Diseños coloridos para niños, medidas personalizadas, precio barato y envío gratis.;9553-happystor-hsci97011-estor-enrollable-estampado-digital-infantil-tejido-traslucido
upsert;margin-right: auto;width=342 height=114 /></p>;width=342 height=114 /></p>;Estor liso de alta calidad con tejido translúcido u opaco. Colores modernos, medidas personalizadas y envío gratis. ¡Al mejor precio!;margin-right: auto-width-342-height-114-p
upsert;9554;Happystor HSCP93001 Estor Enrollable Estampado Digital Paisajes Tejido Traslúcido;Happystor Estor Enrollable Estampado Digital Paisajes Traslúcido;Decora con belleza natural con estores digitales de paisajes. Diseños únicos, medidas personalizadas, barato y envío gratis.;9554-happystor-hscp93001-estor-enrollable-estampado-digital-paisajes-tejido-traslucido
upsert;margin-right: auto;width=342 height=114 /></p>;width=342 height=114 /></p>;Estor enrollable liso económico con diseño actual. Tejido traslúcido u opaco, medidas a tu medida y envío gratis en toda España.;margin-right: auto-width-342-height-114-p
upsert;9555;Happystor HSCP93002 Estor Enrollable Estampado Digital Paisajes Tejido Traslúcido;Happystor Estor Enrollable Estampado Digital Paisajes Traslúcido;Estor con impresión digital de paisajes del mundo. Diseño relajante y exclusivo, económico, a medida y envío gratuito.;9555-happystor-hscp93002-estor-enrollable-estampado-digital-paisajes-tejido-traslucido
upsert;margin-right: auto;width=342 height=114 /></p>;width=342 height=114 /></p>;Estores lisos modernos al mejor precio. Múltiples colores, tejido translúcido u opaco, medidas personalizadas y envío gratuito.;margin-right: auto-width-342-height-114-p
upsert;9556;Happystor HSCP93003 Estor Enrollable Estampado Digital Paisajes Tejido Traslúcido;Happystor Estor Enrollable Estampado Digital Paisajes Traslúcido;Transforma tu hogar con estores de paisajes digitales. Diseños naturales modernos, precio económico, a medida y envío gratis.;9556-happystor-hscp93003-estor-enrollable-estampado-digital-paisajes-tejido-traslucido
upsert;margin-right: auto;width=342 height=114 /></p>;width=342 height=114 /></p>;Estor liso noche y día económico con sistema de doble tejido. Diseño elegante, medidas a medida y envío gratis.;margin-right: auto-width-342-height-114-p
upsert;9557;Happystor HSCP93004 Estor Enrollable Estampado Digital Paisajes Tejido Traslúcido;Happystor Estor Enrollable Estampado Digital Paisajes Traslúcido;Estor con estampado digital de paisajes naturales. Diseños relajantes, medidas personalizadas, precio económico y envío gratis.;9557-happystor-hscp93004-estor-enrollable-estampado-digital-paisajes-tejido-traslucido
upsert;margin-right: auto;width=342 height=114 /></p>;width=342 height=114 /></p>;Estor liso de calidad en tejido translúcido o tipo noche y día. Económico, a medida y envío gratuito en todos tus pedidos.;margin-right: auto-width-342-height-114-p
upsert;9558;Happystor HSCP93005 Estor Enrollable Estampado Digital Paisajes Tejido Traslúcido;Happystor Estor Enrollable Estampado Digital Paisajes Traslúcido;Estores digitales con impresionantes paisajes naturales. Relajantes y modernos, económicos, a medida y envío gratuito.;9558-happystor-hscp93005-estor-enrollable-estampado-digital-paisajes-tejido-traslucido
upsert;margin-right: auto;width=342 height=114 /></p>;width=342 height=114 /></p>;Estor liso de alta calidad con tejido translúcido u opaco. Colores modernos, medidas personalizadas y envío gratis. ¡Al mejor precio!;margin-right: auto-width-342-height-114-p
upsert;9559;Happystor HSCP93006 Estor Enrollable Estampado Digital Paisajes Tejido Traslúcido;Happystor Estor Enrollable Estampado Digital Paisajes Traslúcido;Decora con belleza natural con estores digitales de paisajes. Diseños únicos, medidas personalizadas, barato y envío gratis.;9559-happystor-hscp93006-estor-enrollable-estampado-digital-paisajes-tejido-traslucido
upsert;margin-right: auto;width=342 height=114 /></p>;width=342 height=114 /></p>;Estor enrollable liso económico con diseño actual. Tejido traslúcido u opaco, medidas a tu medida y envío gratis en toda España.;margin-right: auto-width-342-height-114-p
upsert;9560;Happystor HSCZ94001 Estor Enrollable Estampado Digital Zen Tejido Traslúcido;Happystor Estor Enrollable Estampado Digital Zen Traslúcido;Transforma tu espacio con estores digitales Zen. Diseños inspiradores, precio económico, a medida y envío gratis.;9560-happystor-hscz94001-estor-enrollable-estampado-digital-zen-tejido-traslucido
upsert;margin-right: auto;width=342 height=114 /></p>;width=342 height=114 /></p>;Estores lisos modernos al mejor precio. Múltiples colores, tejido translúcido u opaco, medidas personalizadas y envío gratuito.;margin-right: auto-width-342-height-114-p
upsert;9561;Happystor HSCZ94002 Estor Enrollable Estampado Digital Zen Tejido Traslúcido;Happystor Estor Enrollable Estampado Digital Zen Traslúcido;Estor con estampado digital de temática Zen. Diseños relajantes y modernos, medidas personalizadas, precio económico y envío gratis.;9561-happystor-hscz94002-estor-enrollable-estampado-digital-zen-tejido-traslucido
upsert;margin-right: auto;width=342 height=114 /></p>;width=342 height=114 /></p>;Estor liso noche y día económico con sistema de doble tejido. Diseño elegante, medidas a medida y envío gratis.;margin-right: auto-width-342-height-114-p
upsert;9562;Happystor HSCZ94003 Estor Enrollable Estampado Digital Zen Tejido Traslúcido;Happystor Estor Enrollable Estampado Digital Zen Traslúcido;Estores Zen digitales para crear ambientes de paz y tranquilidad. Diseños exclusivos, económicos, a medida y envío gratuito.;9562-happystor-hscz94003-estor-enrollable-estampado-digital-zen-tejido-traslucido
upsert;margin-right: auto;width=342 height=114 /></p>;width=342 height=114 /></p>;Estor liso de calidad en tejido translúcido o tipo noche y día. Económico, a medida y envío gratuito en todos tus pedidos.;margin-right: auto-width-342-height-114-p
upsert;9563;Happystor HSCZ94004 Estor Enrollable Estampado Digital Zen Tejido Traslúcido;Happystor Estor Enrollable Estampado Digital Zen Traslúcido;Crea un ambiente zen con estores de impresión digital. Diseños relajantes, precio barato, medidas a medida y envío gratis.;9563-happystor-hscz94004-estor-enrollable-estampado-digital-zen-tejido-traslucido
upsert;margin-right: auto;width=342 height=114 /></p>;width=342 height=114 /></p>;Estor liso de alta calidad con tejido translúcido u opaco. Colores modernos, medidas personalizadas y envío gratis. ¡Al mejor precio!;margin-right: auto-width-342-height-114-p
upsert;9564;Happystor HSCZ94005 Estor Enrollable Estampado Digital Zen Tejido Traslúcido;Happystor Estor Enrollable Estampado Digital Zen Traslúcido;Estor digital Zen inspirado en la naturaleza y la paz. Diseño exclusivo, económico, a medida y envío gratuito.;9564-happystor-hscz94005-estor-enrollable-estampado-digital-zen-tejido-traslucido
upsert;margin-right: auto;width=342 height=114 /></p>;width=342 height=114 /></p>;Estor enrollable liso económico con diseño actual. Tejido traslúcido u opaco, medidas a tu medida y envío gratis en toda España.;margin-right: auto-width-342-height-114-p
upsert;9565;Happystor HSCZ94006 Estor Enrollable Estampado Digital Zen Tejido Traslúcido;Happystor Estor Enrollable Estampado Digital Zen Traslúcido;Transforma tu espacio con estores digitales Zen. Diseños inspiradores, precio económico, a medida y envío gratis.;9565-happystor-hscz94006-estor-enrollable-estampado-digital-zen-tejido-traslucido
upsert;margin-right: auto;width=342 height=114 /></p>;width=342 height=114 /></p>;Estores lisos modernos al mejor precio. Múltiples colores, tejido translúcido u opaco, medidas personalizadas y envío gratuito.;margin-right: auto-width-342-height-114-p
upsert;9566;Happystor HSCUExc018001 Estor Enrollable Estampado Digital Ciudades Tejido Traslúcido;Happystor HSCUExc018001 Estor Estampado Digital Ciudades Traslúcido;Estor con estampado digital de ciudades del mundo. Diseños modernos y exclusivos, medidas personalizadas, precio económico y envío gratis.;9566-happystor-hscuexc018001-estor-enrollable-estampado-digital-ciudades-tejido-traslucido
upsert;margin-right: auto;width=342 height=114 /></p>;width=342 height=114 /></p>;Estor liso noche y día económico con sistema de doble tejido. Diseño elegante, medidas a medida y envío gratis.;margin-right: auto-width-342-height-114-p
upsert;9567;Happystor HSCUExc018002 Estor Enrollable Estampado Digital Ciudades Tejido Traslúcido;Happystor HSCUExc018002 Estor Estampado Digital Ciudades Traslúcido;Estores digitales con vistas de las ciudades más famosas del mundo. Diseño moderno, medidas a medida, precio barato y envío gratuito.;9567-happystor-hscuexc018002-estor-enrollable-estampado-digital-ciudades-tejido-traslucido
upsert;margin-right: auto;width=342 height=114 /></p>;width=342 height=114 /></p>;Estor liso de calidad en tejido translúcido o tipo noche y día. Económico, a medida y envío gratuito en todos tus pedidos.;margin-right: auto-width-342-height-114-p
upsert;9568;Happystor HSCUExc018003 Estor Enrollable Estampado Digital Ciudades Tejido Traslúcido;Happystor HSCUExc018003 Estor Estampado Digital Ciudades Traslúcido;Viaja con tu mirada con estores digitales de ciudades. Estampado de alta calidad, económico, a medida y envío gratis.;9568-happystor-hscuexc018003-estor-enrollable-estampado-digital-ciudades-tejido-traslucido
upsert;margin-right: auto;width=342 height=114 /></p>;width=342 height=114 /></p>;Estor liso de alta calidad con tejido translúcido u opaco. Colores modernos, medidas personalizadas y envío gratis. ¡Al mejor precio!;margin-right: auto-width-342-height-114-p
upsert;9569;Happystor HSCUExc018004 Estor Enrollable Estampado Digital Ciudades Tejido Traslúcido;Happystor HSCUExc018004 Estor Estampado Digital Ciudades Traslúcido;Estor con impresión digital de ciudades únicas del mundo. Diseño moderno y colorido, medidas a medida, barato y envío gratuito.;9569-happystor-hscuexc018004-estor-enrollable-estampado-digital-ciudades-tejido-traslucido
upsert;margin-right: auto;width=342 height=114 /></p>;width=342 height=114 /></p>;Estor enrollable liso económico con diseño actual. Tejido traslúcido u opaco, medidas a tu medida y envío gratis en toda España.;margin-right: auto-width-342-height-114-p
upsert;9570;Happystor  HSCIExc028001 Estor Enrollable Estampado Digital Infantil Tejido Traslúcido;Happystor HSCIExc028001 Estor Estampado Digital Infantil Traslúcido;Bonito estor infantil digital de alta calidad. Diseños temáticos para niños, económico, a medida y con envío gratuito.;9570-happystor-hsciexc028001-estor-enrollable-estampado-digital-infantil-tejido-traslucido
upsert;margin-right: auto;width=342 height=114 /></p>;width=342 height=114 /></p>;Estores lisos modernos al mejor precio. Múltiples colores, tejido translúcido u opaco, medidas personalizadas y envío gratuito.;margin-right: auto-width-342-height-114-p
upsert;9571;Happystor  HSCIExc028002 Estor Enrollable Estampado Digital Infantil Tejido Traslúcido;Happystor HSCIExc028002 Estor Estampado Digital Infantil Traslúcido;Estores digitales infantiles con diseños alegres y coloridos. A tu medida, precio económico y envío gratis. ¡Los niños los adorarán!;9571-happystor-hsciexc028002-estor-enrollable-estampado-digital-infantil-tejido-traslucido
upsert;margin-right: auto;width=342 height=114 /></p>;width=342 height=114 /></p>;Estor liso noche y día económico con sistema de doble tejido. Diseño elegante, medidas a medida y envío gratis.;margin-right: auto-width-342-height-114-p
upsert;9572;Happystor  HSCIExc028003 Estor Enrollable Estampado Digital Infantil Tejido Traslúcido;Happystor HSCIExc028003 Estor Estampado Digital Infantil Traslúcido;Estor infantil con estampado digital exclusivo. Colores vivos para niños, medidas a medida, barato y envío gratuito.;9572-happystor-hsciexc028003-estor-enrollable-estampado-digital-infantil-tejido-traslucido
upsert;margin-right: auto;width=342 height=114 /></p>;width=342 height=114 /></p>;Estor liso de calidad en tejido translúcido o tipo noche y día. Económico, a medida y envío gratuito en todos tus pedidos.;margin-right: auto-width-342-height-114-p
upsert;9573;Happystor  HSCIExc028004 Estor Enrollable Estampado Digital Infantil Tejido Traslúcido;Happystor HSCIExc028004 Estor Estampado Digital Infantil Traslúcido;Decora la habitación infantil con estores digitales modernos. Diseños coloridos, económicos, a medida y con envío gratis.;9573-happystor-hsciexc028004-estor-enrollable-estampado-digital-infantil-tejido-traslucido
upsert;margin-right: auto;width=342 height=114 /></p>;width=342 height=114 /></p>;Estor liso de alta calidad con tejido translúcido u opaco. Colores modernos, medidas personalizadas y envío gratis. ¡Al mejor precio!;margin-right: auto-width-342-height-114-p
upsert;9574;Happystor  HSCIExc028005 Estor Enrollable Estampado Digital Infantil Tejido Traslúcido;Happystor HSCIExc028005 Estor Estampado Digital Infantil Traslúcido;Estor infantil con estampado digital divertido. Diseños coloridos para niños, medidas personalizadas, precio barato y envío gratis.;9574-happystor-hsciexc028005-estor-enrollable-estampado-digital-infantil-tejido-traslucido
upsert;margin-right: auto;width=342 height=114 /></p>;width=342 height=114 /></p>;Estor enrollable liso económico con diseño actual. Tejido traslúcido u opaco, medidas a tu medida y envío gratis en toda España.;margin-right: auto-width-342-height-114-p
upsert;9575;Happystor  HSCIExc028006 Estor Enrollable Estampado Digital Infantil Tejido Traslúcido;Happystor HSCIExc028006 Estor Estampado Digital Infantil Traslúcido;Bonito estor infantil digital de alta calidad. Diseños temáticos para niños, económico, a medida y con envío gratuito.;9575-happystor-hsciexc028006-estor-enrollable-estampado-digital-infantil-tejido-traslucido
upsert;margin-right: auto;width=342 height=114 /></p>;width=342 height=114 /></p>;Estores lisos modernos al mejor precio. Múltiples colores, tejido translúcido u opaco, medidas personalizadas y envío gratuito.;margin-right: auto-width-342-height-114-p
upsert;9576;Happystor  HSCIExc028007 Estor Enrollable Estampado Digital Infantil Tejido Traslúcido;Happystor HSCIExc028007 Estor Estampado Digital Infantil Traslúcido;Estores digitales infantiles con diseños alegres y coloridos. A tu medida, precio económico y envío gratis. ¡Los niños los adorarán!;9576-happystor-hsciexc028007-estor-enrollable-estampado-digital-infantil-tejido-traslucido
upsert;margin-right: auto;width=342 height=114 /></p>;width=342 height=114 /></p>;Estor liso noche y día económico con sistema de doble tejido. Diseño elegante, medidas a medida y envío gratis.;margin-right: auto-width-342-height-114-p
upsert;9577;Happystor  HSCIExc028008 Estor Enrollable Estampado Digital Infantil Tejido Traslúcido;Happystor HSCIExc028008 Estor Estampado Digital Infantil Traslúcido;Estor infantil con estampado digital exclusivo. Colores vivos para niños, medidas a medida, barato y envío gratuito.;9577-happystor-hsciexc028008-estor-enrollable-estampado-digital-infantil-tejido-traslucido
upsert;margin-right: auto;width=342 height=114 /></p>;width=342 height=114 /></p>;Estor liso de calidad en tejido translúcido o tipo noche y día. Económico, a medida y envío gratuito en todos tus pedidos.;margin-right: auto-width-342-height-114-p
upsert;9578;Happystor  HSCIExc028009 Estor Enrollable Estampado Digital Infantil Tejido Traslúcido;Happystor HSCIExc028009 Estor Estampado Digital Infantil Traslúcido;Decora la habitación infantil con estores digitales modernos. Diseños coloridos, económicos, a medida y con envío gratis.;9578-happystor-hsciexc028009-estor-enrollable-estampado-digital-infantil-tejido-traslucido
upsert;margin-right: auto;width=342 height=114 /></p>;width=342 height=114 /></p>;Estor liso de alta calidad con tejido translúcido u opaco. Colores modernos, medidas personalizadas y envío gratis. ¡Al mejor precio!;margin-right: auto-width-342-height-114-p
upsert;9579;Happystor  HSCIExc028010 Estor Enrollable Estampado Digital Infantil Tejido Traslúcido;Happystor HSCIExc028010 Estor Estampado Digital Infantil Traslúcido;Estor infantil con estampado digital divertido. Diseños coloridos para niños, medidas personalizadas, precio barato y envío gratis.;9579-happystor-hsciexc028010-estor-enrollable-estampado-digital-infantil-tejido-traslucido
upsert;margin-right: auto;width=342 height=114 /></p>;width=342 height=114 /></p>;Estor enrollable liso económico con diseño actual. Tejido traslúcido u opaco, medidas a tu medida y envío gratis en toda España.;margin-right: auto-width-342-height-114-p
upsert;9580;Happystor  HSCPExc038001 Estor Enrollable Estampado Digital Paisajes Tejido Traslúcido;Happystor HSCPExc038001 Estor Estampado Digital Paisajes Traslúcido;Estor con impresión digital de paisajes del mundo. Diseño relajante y exclusivo, económico, a medida y envío gratuito.;9580-happystor-hscpexc038001-estor-enrollable-estampado-digital-paisajes-tejido-traslucido
upsert;margin-right: auto;width=342 height=114 /></p>;width=342 height=114 /></p>;Estores lisos modernos al mejor precio. Múltiples colores, tejido translúcido u opaco, medidas personalizadas y envío gratuito.;margin-right: auto-width-342-height-114-p
upsert;9581;Happystor  HSCPExc038002 Estor Enrollable Estampado Digital Paisajes Tejido Traslúcido;Happystor HSCPExc038002 Estor Estampado Digital Paisajes Traslúcido;Transforma tu hogar con estores de paisajes digitales. Diseños naturales modernos, precio económico, a medida y envío gratis.;9581-happystor-hscpexc038002-estor-enrollable-estampado-digital-paisajes-tejido-traslucido
upsert;margin-right: auto;width=342 height=114 /></p>;width=342 height=114 /></p>;Estor liso noche y día económico con sistema de doble tejido. Diseño elegante, medidas a medida y envío gratis.;margin-right: auto-width-342-height-114-p
upsert;9582;Happystor  HSCPExc038003 Estor Enrollable Estampado Digital Paisajes Tejido Traslúcido;Happystor HSCPExc038003 Estor Estampado Digital Paisajes Traslúcido;Estor con estampado digital de paisajes naturales. Diseños relajantes, medidas personalizadas, precio económico y envío gratis.;9582-happystor-hscpexc038003-estor-enrollable-estampado-digital-paisajes-tejido-traslucido
upsert;margin-right: auto;width=342 height=114 /></p>;width=342 height=114 /></p>;Estor liso de calidad en tejido translúcido o tipo noche y día. Económico, a medida y envío gratuito en todos tus pedidos.;margin-right: auto-width-342-height-114-p
upsert;9583;Happystor  HSCPExc038004 Estor Enrollable Estampado Digital Paisajes Tejido Traslúcido;Happystor HSCPExc038004 Estor Estampado Digital Paisajes Traslúcido;Estores digitales con impresionantes paisajes naturales. Relajantes y modernos, económicos, a medida y envío gratuito.;9583-happystor-hscpexc038004-estor-enrollable-estampado-digital-paisajes-tejido-traslucido
upsert;margin-right: auto;width=342 height=114 /></p>;width=342 height=114 /></p>;Estor liso de alta calidad con tejido translúcido u opaco. Colores modernos, medidas personalizadas y envío gratis. ¡Al mejor precio!;margin-right: auto-width-342-height-114-p
upsert;9584;Happystor  HSCPExc038005 Estor Enrollable Estampado Digital Paisajes Tejido Traslúcido;Happystor HSCPExc038005 Estor Estampado Digital Paisajes Traslúcido;Decora con belleza natural con estores digitales de paisajes. Diseños únicos, medidas personalizadas, barato y envío gratis.;9584-happystor-hscpexc038005-estor-enrollable-estampado-digital-paisajes-tejido-traslucido
upsert;margin-right: auto;width=342 height=114 /></p>;width=342 height=114 /></p>;Estor enrollable liso económico con diseño actual. Tejido traslúcido u opaco, medidas a tu medida y envío gratis en toda España.;margin-right: auto-width-342-height-114-p
upsert;9585;Happystor  HSCJExc048001 Estor Enrollable Estampado Digital Juvenil Tejido Traslúcido;Happystor HSCJExc048001 Estor Estampado Digital Juvenil Traslúcido;Estor juvenil con estampado digital moderno. Diseños de aficiones favoritas, precio barato, a medida y envío gratis.;9585-happystor-hscjexc048001-estor-enrollable-estampado-digital-juvenil-tejido-traslucido
upsert;margin-right: auto;width=342 height=114 /></p>;width=342 height=114 /></p>;Estores lisos modernos al mejor precio. Múltiples colores, tejido translúcido u opaco, medidas personalizadas y envío gratuito.;margin-right: auto-width-342-height-114-p
upsert;9586;Happystor  HSCJExc048002 Estor Enrollable Estampado Digital Juvenil Tejido Traslúcido;Happystor HSCJExc048002 Estor Estampado Digital Juvenil Traslúcido;Decora tu habitación juvenil con estores digitales exclusivos. Diseños modernos, económicos, a medida y envío gratuito.;9586-happystor-hscjexc048002-estor-enrollable-estampado-digital-juvenil-tejido-traslucido
upsert;margin-right: auto;width=342 height=114 /></p>;width=342 height=114 /></p>;Estor liso noche y día económico con sistema de doble tejido. Diseño elegante, medidas a medida y envío gratis.;margin-right: auto-width-342-height-114-p
upsert;9587;Happystor  HSCJExc048003 Estor Enrollable Estampado Digital Juvenil Tejido Traslúcido;Happystor HSCJExc048003 Estor Estampado Digital Juvenil Traslúcido;Estor juvenil de diseño original con impresión digital. Deportes y aficiones en tu ventana, barato, a medida y envío gratis.;9587-happystor-hscjexc048003-estor-enrollable-estampado-digital-juvenil-tejido-traslucido
upsert;margin-right: auto;width=342 height=114 /></p>;width=342 height=114 /></p>;Estor liso de calidad en tejido translúcido o tipo noche y día. Económico, a medida y envío gratuito en todos tus pedidos.;margin-right: auto-width-342-height-114-p
upsert;9588;Happystor  HSCJExc048004 Estor Enrollable Estampado Digital Juvenil Tejido Traslúcido;Happystor HSCJExc048004 Estor Estampado Digital Juvenil Traslúcido;Estor juvenil con estampado digital de diseños modernos. Deportes y aficiones favoritas, medidas personalizadas, precio barato y envío gratis.;9588-happystor-hscjexc048004-estor-enrollable-estampado-digital-juvenil-tejido-traslucido
upsert;margin-right: auto;width=342 height=114 /></p>;width=342 height=114 /></p>;Estor liso de alta calidad con tejido translúcido u opaco. Colores modernos, medidas personalizadas y envío gratis. ¡Al mejor precio!;margin-right: auto-width-342-height-114-p
upsert;9589;Happystor  HSCJExc048005 Estor Enrollable Estampado Digital Juvenil Tejido Traslúcido;Happystor HSCJExc048005 Estor Estampado Digital Juvenil Traslúcido;Estores digitales juveniles con temáticas modernas de deporte y moda. Económicos, a medida y envío gratuito. ¡Estilo garantizado!;9589-happystor-hscjexc048005-estor-enrollable-estampado-digital-juvenil-tejido-traslucido
upsert;margin-right: auto;width=342 height=114 /></p>;width=342 height=114 /></p>;Estor enrollable liso económico con diseño actual. Tejido traslúcido u opaco, medidas a tu medida y envío gratis en toda España.;margin-right: auto-width-342-height-114-p
upsert;9590;Happystor  HSCJExc048006 Estor Enrollable Estampado Digital Juvenil Tejido Traslúcido;Happystor HSCJExc048006 Estor Estampado Digital Juvenil Traslúcido;Estor juvenil con estampado digital moderno. Diseños de aficiones favoritas, precio barato, a medida y envío gratis.;9590-happystor-hscjexc048006-estor-enrollable-estampado-digital-juvenil-tejido-traslucido
upsert;margin-right: auto;width=342 height=114 /></p>;width=342 height=114 /></p>;Estores lisos modernos al mejor precio. Múltiples colores, tejido translúcido u opaco, medidas personalizadas y envío gratuito.;margin-right: auto-width-342-height-114-p
upsert;9591;Happystor  HSCCExc058001 Estor Enrollable Estampado Digital Cocina Tejido Traslúcido;Happystor HSCCExc058001 Estor Estampado Digital Cocina Traslúcido;Dale estilo a tu cocina con estores digitales exclusivos. Diseños temáticos modernos, a medida, precio económico y envío gratis.;9591-happystor-hsccexc058001-estor-enrollable-estampado-digital-cocina-tejido-traslucido
upsert;margin-right: auto;width=342 height=114 /></p>;width=342 height=114 /></p>;Estor liso noche y día económico con sistema de doble tejido. Diseño elegante, medidas a medida y envío gratis.;margin-right: auto-width-342-height-114-p
upsert;9592;Happystor  HSCCExc058002 Estor Enrollable Estampado Digital Cocina Tejido Traslúcido;Happystor HSCCExc058002 Estor Estampado Digital Cocina Traslúcido;Estor digital para cocina de alta calidad. Bonitos diseños gastronómicos exclusivos, económico, a medida y envío gratuito.;9592-happystor-hsccexc058002-estor-enrollable-estampado-digital-cocina-tejido-traslucido
upsert;margin-right: auto;width=342 height=114 /></p>;width=342 height=114 /></p>;Estor liso de calidad en tejido translúcido o tipo noche y día. Económico, a medida y envío gratuito en todos tus pedidos.;margin-right: auto-width-342-height-114-p
upsert;9593;Happystor  HSCCExc058003 Estor Enrollable Estampado Digital Cocina Tejido Traslúcido;Happystor HSCCExc058003 Estor Estampado Digital Cocina Traslúcido;Estores digitales para cocinas modernas y originales. Precio barato, medidas a medida, instalación fácil y envío gratis.;9593-happystor-hsccexc058003-estor-enrollable-estampado-digital-cocina-tejido-traslucido
upsert;margin-right: auto;width=342 height=114 /></p>;width=342 height=114 /></p>;Estor liso de alta calidad con tejido translúcido u opaco. Colores modernos, medidas personalizadas y envío gratis. ¡Al mejor precio!;margin-right: auto-width-342-height-114-p
upsert;9594;Happystor  HSCCExc058004 Estor Enrollable Estampado Digital Cocina Tejido Traslúcido;Happystor HSCCExc058004 Estor Estampado Digital Cocina Traslúcido;Estor con estampado digital para cocina. Diseños modernos gastronómicos, medidas personalizadas, precio económico y envío gratis.;9594-happystor-hsccexc058004-estor-enrollable-estampado-digital-cocina-tejido-traslucido
upsert;margin-right: auto;width=342 height=114 /></p>;width=342 height=114 /></p>;Estor enrollable liso económico con diseño actual. Tejido traslúcido u opaco, medidas a tu medida y envío gratis en toda España.;margin-right: auto-width-342-height-114-p
upsert;9595;Happystor  HSCCExc058005 Estor Enrollable Estampado Digital Cocina Tejido Traslúcido;Happystor HSCCExc058005 Estor Estampado Digital Cocina Traslúcido;Estores digitales para cocina con diseños únicos y modernos. A tu medida, precio barato y envío gratuito en toda España.;9595-happystor-hsccexc058005-estor-enrollable-estampado-digital-cocina-tejido-traslucido
upsert;margin-right: auto;width=342 height=114 /></p>;width=342 height=114 /></p>;Estores lisos modernos al mejor precio. Múltiples colores, tejido translúcido u opaco, medidas personalizadas y envío gratuito.;margin-right: auto-width-342-height-114-p
upsert;9596;Happystor  HSCCExc058006 Estor Enrollable Estampado Digital Cocina Tejido Traslúcido;Happystor HSCCExc058006 Estor Estampado Digital Cocina Traslúcido;Dale estilo a tu cocina con estores digitales exclusivos. Diseños temáticos modernos, a medida, precio económico y envío gratis.;9596-happystor-hsccexc058006-estor-enrollable-estampado-digital-cocina-tejido-traslucido
upsert;margin-right: auto;width=342 height=114 /></p>;width=342 height=114 /></p>;Estor liso noche y día económico con sistema de doble tejido. Diseño elegante, medidas a medida y envío gratis.;margin-right: auto-width-342-height-114-p
upsert;9597;Happystor  HSCZExc078001 Estor Enrollable Estampado Digital Zen Tejido Traslúcido;Happystor HSCZExc078001 Estor Estampado Digital Zen Traslúcido;Estor con estampado digital de temática Zen. Diseños relajantes y modernos, medidas personalizadas, precio económico y envío gratis.;9597-happystor-hsczexc078001-estor-enrollable-estampado-digital-zen-tejido-traslucido
upsert;margin-right: auto;width=342 height=114 /></p>;width=342 height=114 /></p>;Estor liso de calidad en tejido translúcido o tipo noche y día. Económico, a medida y envío gratuito en todos tus pedidos.;margin-right: auto-width-342-height-114-p
upsert;9598;Happystor  HSCZExc078002 Estor Enrollable Estampado Digital Zen Tejido Traslúcido;Happystor HSCZExc078002 Estor Estampado Digital Zen Traslúcido;Estores Zen digitales para crear ambientes de paz y tranquilidad. Diseños exclusivos, económicos, a medida y envío gratuito.;9598-happystor-hsczexc078002-estor-enrollable-estampado-digital-zen-tejido-traslucido
upsert;margin-right: auto;width=342 height=114 /></p>;width=342 height=114 /></p>;Estor liso de alta calidad con tejido translúcido u opaco. Colores modernos, medidas personalizadas y envío gratis. ¡Al mejor precio!;margin-right: auto-width-342-height-114-p
upsert;9599;Happystor  HSCZExc078003 Estor Enrollable Estampado Digital Zen Tejido Traslúcido;Happystor HSCZExc078003 Estor Estampado Digital Zen Traslúcido;Crea un ambiente zen con estores de impresión digital. Diseños relajantes, precio barato, medidas a medida y envío gratis.;9599-happystor-hsczexc078003-estor-enrollable-estampado-digital-zen-tejido-traslucido
upsert;margin-right: auto;width=342 height=114 /></p>;width=342 height=114 /></p>;Estor enrollable liso económico con diseño actual. Tejido traslúcido u opaco, medidas a tu medida y envío gratis en toda España.;margin-right: auto-width-342-height-114-p
upsert;9600;Happystor  HSCFExc078001 Estor Enrollable Estampado Digital Fantasia Tejido Traslúcido;Happystor HSCFExc078001 Estor Estampado Digital Fantasia Traslúcido;Estores digitales de fantasía con diseños únicos y creativos. Modernos, económicos, a medida y envío gratuito en toda España.;9600-happystor-hscfexc078001-estor-enrollable-estampado-digital-fantasia-tejido-traslucido
upsert;9601;Happystor  HSCFExc078002 Estor Enrollable Estampado Digital Fantasia Tejido Traslúcido;Happystor HSCFExc078002 Estor Estampado Digital Fantasia Traslúcido;Estor digital de fantasía con diseño creativo exclusivo. Patrones únicos y modernos, precio barato, a medida y envío gratuito.;9601-happystor-hscfexc078002-estor-enrollable-estampado-digital-fantasia-tejido-traslucido
upsert;9602;Happystor  HSCFExc078003 Estor Enrollable Estampado Digital Fantasia Tejido Traslúcido;Happystor HSCFExc078003 Estor Estampado Digital Fantasia Traslúcido;Estampados de fantasía en estores digitales. Diseños únicos y modernos, precio económico, medidas personalizadas y envío gratis.;9602-happystor-hscfexc078003-estor-enrollable-estampado-digital-fantasia-tejido-traslucido
upsert;6704;Blindecor W-C-27275 Estor Enrollable Estampado Digital Basic Cocina Tejido Traslúcido;Blindecor Estor Enrollable Estampado Digital Cocina Traslúcido;Estor digital para cocina de alta calidad. Bonitos diseños gastronómicos exclusivos, económico, a medida y envío gratuito.;6704-blindecor-w-c-27275-estor-enrollable-estampado-digital-basic-cocina-tejido-traslucido
upsert;margin-right: auto;width=342 height=114 /></p>;width=342 height=114 /></p>;Estores lisos modernos al mejor precio. Múltiples colores, tejido translúcido u opaco, medidas personalizadas y envío gratuito.;margin-right: auto-width-342-height-114-p
upsert;9605;Happystor HSCU12902 Estor Enrollable Estampado Digital Ciudades Tejido Traslúcido;Happystor Estor Enrollable Estampado Digital Ciudades Traslúcido;Estor digital de ciudades del mundo. Diseños exclusivos, precio económico, medidas personalizadas y envío gratuito.;9605-happystor-hscu12902-estor-enrollable-estampado-digital-ciudades-tejido-traslucido
upsert;margin-right: auto;width=342 height=114 /></p>;width=342 height=114 /></p>;Estor liso noche y día económico con sistema de doble tejido. Diseño elegante, medidas a medida y envío gratis.;margin-right: auto-width-342-height-114-p
upsert;9606;Happystor HSCU40244 Estor Enrollable Estampado Digital Ciudades Tejido Traslúcido;Happystor Estor Enrollable Estampado Digital Ciudades Traslúcido;Estor con estampado digital de ciudades del mundo. Diseños modernos y exclusivos, medidas personalizadas, precio económico y envío gratis.;9606-happystor-hscu40244-estor-enrollable-estampado-digital-ciudades-tejido-traslucido
upsert;margin-right: auto;width=342 height=114 /></p>;width=342 height=114 /></p>;Estor liso de calidad en tejido translúcido o tipo noche y día. Económico, a medida y envío gratuito en todos tus pedidos.;margin-right: auto-width-342-height-114-p
upsert;9607;Happystor HSCU02290 Estor Enrollable Estampado Digital Ciudades Tejido Traslúcido;Happystor Estor Enrollable Estampado Digital Ciudades Traslúcido;Estores digitales con vistas de las ciudades más famosas del mundo. Diseño moderno, medidas a medida, precio barato y envío gratuito.;9607-happystor-hscu02290-estor-enrollable-estampado-digital-ciudades-tejido-traslucido
upsert;margin-right: auto;width=342 height=114 /></p>;width=342 height=114 /></p>;Estor liso de alta calidad con tejido translúcido u opaco. Colores modernos, medidas personalizadas y envío gratis. ¡Al mejor precio!;margin-right: auto-width-342-height-114-p
upsert;9608;Happystor HSCU13413 Estor Enrollable Estampado Digital Ciudades Tejido Traslúcido;Happystor Estor Enrollable Estampado Digital Ciudades Traslúcido;Viaja con tu mirada con estores digitales de ciudades. Estampado de alta calidad, económico, a medida y envío gratis.;9608-happystor-hscu13413-estor-enrollable-estampado-digital-ciudades-tejido-traslucido
upsert;margin-right: auto;width=342 height=114 /></p>;width=342 height=114 /></p>;Estor enrollable liso económico con diseño actual. Tejido traslúcido u opaco, medidas a tu medida y envío gratis en toda España.;margin-right: auto-width-342-height-114-p
upsert;9609;Happystor HSCC72436 Estor Enrollable Estampado Digital Cocina Tejido Traslúcido;Happystor Estor Enrollable Estampado Digital Cocina Traslúcido;Estores digitales para cocinas modernas y originales. Precio barato, medidas a medida, instalación fácil y envío gratis.;9609-happystor-hscc72436-estor-enrollable-estampado-digital-cocina-tejido-traslucido
upsert;margin-right: auto;width=342 height=114 /></p>;width=342 height=114 /></p>;Estores lisos modernos al mejor precio. Múltiples colores, tejido translúcido u opaco, medidas personalizadas y envío gratuito.;margin-right: auto-width-342-height-114-p
upsert;9610;Happystor HSCC76680 Estor Enrollable Estampado Digital Cocina Tejido Traslúcido;Happystor Estor Enrollable Estampado Digital Cocina Traslúcido;Estor con estampado digital para cocina. Diseños modernos gastronómicos, medidas personalizadas, precio económico y envío gratis.;9610-happystor-hscc76680-estor-enrollable-estampado-digital-cocina-tejido-traslucido
upsert;margin-right: auto;width=342 height=114 /></p>;width=342 height=114 /></p>;Estor liso noche y día económico con sistema de doble tejido. Diseño elegante, medidas a medida y envío gratis.;margin-right: auto-width-342-height-114-p
upsert;9611;Happystor HSCC80010 Estor Enrollable Estampado Digital Cocina Tejido Traslúcido;Happystor Estor Enrollable Estampado Digital Cocina Traslúcido;Estores digitales para cocina con diseños únicos y modernos. A tu medida, precio barato y envío gratuito en toda España.;9611-happystor-hscc80010-estor-enrollable-estampado-digital-cocina-tejido-traslucido
upsert;margin-right: auto;width=342 height=114 /></p>;width=342 height=114 /></p>;Estor liso de calidad en tejido translúcido o tipo noche y día. Económico, a medida y envío gratuito en todos tus pedidos.;margin-right: auto-width-342-height-114-p
upsert;9612;Happystor HSCC80020 Estor Enrollable Estampado Digital Cocina Tejido Traslúcido;Happystor Estor Enrollable Estampado Digital Cocina Traslúcido;Dale estilo a tu cocina con estores digitales exclusivos. Diseños temáticos modernos, a medida, precio económico y envío gratis.;9612-happystor-hscc80020-estor-enrollable-estampado-digital-cocina-tejido-traslucido
upsert;margin-right: auto;width=342 height=114 /></p>;width=342 height=114 /></p>;Estor liso de alta calidad con tejido translúcido u opaco. Colores modernos, medidas personalizadas y envío gratis. ¡Al mejor precio!;margin-right: auto-width-342-height-114-p
upsert;9613;Happystor HSCC80040 Estor Enrollable Estampado Digital Cocina Tejido Traslúcido;Happystor Estor Enrollable Estampado Digital Cocina Traslúcido;Estor digital para cocina de alta calidad. Bonitos diseños gastronómicos exclusivos, económico, a medida y envío gratuito.;9613-happystor-hscc80040-estor-enrollable-estampado-digital-cocina-tejido-traslucido
upsert;margin-right: auto;width=342 height=114 /></p>;width=342 height=114 /></p>;Estor enrollable liso económico con diseño actual. Tejido traslúcido u opaco, medidas a tu medida y envío gratis en toda España.;margin-right: auto-width-342-height-114-p
upsert;9614;Happystor HSCC80060 Estor Enrollable Estampado Digital Cocina Tejido Traslúcido;Happystor Estor Enrollable Estampado Digital Cocina Traslúcido;Estores digitales para cocinas modernas y originales. Precio barato, medidas a medida, instalación fácil y envío gratis.;9614-happystor-hscc80060-estor-enrollable-estampado-digital-cocina-tejido-traslucido
upsert;margin-right: auto;width=342 height=114 /></p>;width=342 height=114 /></p>;Estores lisos modernos al mejor precio. Múltiples colores, tejido translúcido u opaco, medidas personalizadas y envío gratuito.;margin-right: auto-width-342-height-114-p
upsert;9615;Happystor HSCC82152 Estor Enrollable Estampado Digital Cocina Tejido Traslúcido;Happystor Estor Enrollable Estampado Digital Cocina Traslúcido;Estor con estampado digital para cocina. Diseños modernos gastronómicos, medidas personalizadas, precio económico y envío gratis.;9615-happystor-hscc82152-estor-enrollable-estampado-digital-cocina-tejido-traslucido
upsert;margin-right: auto;width=342 height=114 /></p>;width=342 height=114 /></p>;Estor liso noche y día económico con sistema de doble tejido. Diseño elegante, medidas a medida y envío gratis.;margin-right: auto-width-342-height-114-p
upsert;9616;Happystor HSCC91030 Estor Enrollable Estampado Digital Cocina Tejido Traslúcido;Happystor Estor Enrollable Estampado Digital Cocina Traslúcido;Estores digitales para cocina con diseños únicos y modernos. A tu medida, precio barato y envío gratuito en toda España.;9616-happystor-hscc91030-estor-enrollable-estampado-digital-cocina-tejido-traslucido
upsert;margin-right: auto;width=342 height=114 /></p>;width=342 height=114 /></p>;Estor liso de calidad en tejido translúcido o tipo noche y día. Económico, a medida y envío gratuito en todos tus pedidos.;margin-right: auto-width-342-height-114-p
upsert;9617;Happystor HSCC91031 Estor Enrollable Estampado Digital Cocina Tejido Traslúcido;Happystor Estor Enrollable Estampado Digital Cocina Traslúcido;Dale estilo a tu cocina con estores digitales exclusivos. Diseños temáticos modernos, a medida, precio económico y envío gratis.;9617-happystor-hscc91031-estor-enrollable-estampado-digital-cocina-tejido-traslucido
upsert;margin-right: auto;width=342 height=114 /></p>;width=342 height=114 /></p>;Estor liso de alta calidad con tejido translúcido u opaco. Colores modernos, medidas personalizadas y envío gratis. ¡Al mejor precio!;margin-right: auto-width-342-height-114-p
upsert;9618;Happystor HSCC97696 Estor Enrollable Estampado Digital Cocina Tejido Traslúcido;Happystor Estor Enrollable Estampado Digital Cocina Traslúcido;Estor digital para cocina de alta calidad. Bonitos diseños gastronómicos exclusivos, económico, a medida y envío gratuito.;9618-happystor-hscc97696-estor-enrollable-estampado-digital-cocina-tejido-traslucido
upsert;margin-right: auto;width=342 height=114 /></p>;width=342 height=114 /></p>;Estor enrollable liso económico con diseño actual. Tejido traslúcido u opaco, medidas a tu medida y envío gratis en toda España.;margin-right: auto-width-342-height-114-p
upsert;9619;Happystor HSCC03754 Estor Enrollable Estampado Digital Cocina Tejido Traslúcido;Happystor Estor Enrollable Estampado Digital Cocina Traslúcido;Estores digitales para cocinas modernas y originales. Precio barato, medidas a medida, instalación fácil y envío gratis.;9619-happystor-hscc03754-estor-enrollable-estampado-digital-cocina-tejido-traslucido
upsert;margin-right: auto;width=342 height=114 /></p>;width=342 height=114 /></p>;Estores lisos modernos al mejor precio. Múltiples colores, tejido translúcido u opaco, medidas personalizadas y envío gratuito.;margin-right: auto-width-342-height-114-p
upsert;9620;Happystor HSCC59919 Estor Enrollable Estampado Digital Cocina Tejido Traslúcido;Happystor Estor Enrollable Estampado Digital Cocina Traslúcido;Estor con estampado digital para cocina. Diseños modernos gastronómicos, medidas personalizadas, precio económico y envío gratis.;9620-happystor-hscc59919-estor-enrollable-estampado-digital-cocina-tejido-traslucido
upsert;margin-right: auto;width=342 height=114 /></p>;width=342 height=114 /></p>;Estor liso noche y día económico con sistema de doble tejido. Diseño elegante, medidas a medida y envío gratis.;margin-right: auto-width-342-height-114-p
upsert;9621;Happystor HSCC52380 Estor Enrollable Estampado Digital Cocina Tejido Traslúcido;Happystor Estor Enrollable Estampado Digital Cocina Traslúcido;Estores digitales para cocina con diseños únicos y modernos. A tu medida, precio barato y envío gratuito en toda España.;9621-happystor-hscc52380-estor-enrollable-estampado-digital-cocina-tejido-traslucido
upsert;margin-right: auto;width=342 height=114 /></p>;width=342 height=114 /></p>;Estor liso de calidad en tejido translúcido o tipo noche y día. Económico, a medida y envío gratuito en todos tus pedidos.;margin-right: auto-width-342-height-114-p
upsert;9622;Happystor HSCC82159 Estor Enrollable Estampado Digital Cocina Tejido Traslúcido;Happystor Estor Enrollable Estampado Digital Cocina Traslúcido;Dale estilo a tu cocina con estores digitales exclusivos. Diseños temáticos modernos, a medida, precio económico y envío gratis.;9622-happystor-hscc82159-estor-enrollable-estampado-digital-cocina-tejido-traslucido
upsert;margin-right: auto;width=342 height=114 /></p>;width=342 height=114 /></p>;Estor liso de alta calidad con tejido translúcido u opaco. Colores modernos, medidas personalizadas y envío gratis. ¡Al mejor precio!;margin-right: auto-width-342-height-114-p
upsert;9623;Happystor HSCC82794 Estor Enrollable Estampado Digital Cocina Tejido Traslúcido;Happystor Estor Enrollable Estampado Digital Cocina Traslúcido;Estor digital para cocina de alta calidad. Bonitos diseños gastronómicos exclusivos, económico, a medida y envío gratuito.;9623-happystor-hscc82794-estor-enrollable-estampado-digital-cocina-tejido-traslucido
upsert;margin-right: auto;width=342 height=114 /></p>;width=342 height=114 /></p>;Estor enrollable liso económico con diseño actual. Tejido traslúcido u opaco, medidas a tu medida y envío gratis en toda España.;margin-right: auto-width-342-height-114-p
upsert;9624;Happystor HSCC67988 Estor Enrollable Estampado Digital Cocina Tejido Traslúcido;Happystor Estor Enrollable Estampado Digital Cocina Traslúcido;Estores digitales para cocinas modernas y originales. Precio barato, medidas a medida, instalación fácil y envío gratis.;9624-happystor-hscc67988-estor-enrollable-estampado-digital-cocina-tejido-traslucido
upsert;margin-right: auto;width=342 height=114 /></p>;width=342 height=114 /></p>;Estores lisos modernos al mejor precio. Múltiples colores, tejido translúcido u opaco, medidas personalizadas y envío gratuito.;margin-right: auto-width-342-height-114-p
upsert;9625;Happystor HSCC58717 Estor Enrollable Estampado Digital Cocina Tejido Traslúcido;Happystor Estor Enrollable Estampado Digital Cocina Traslúcido;Estor con estampado digital para cocina. Diseños modernos gastronómicos, medidas personalizadas, precio económico y envío gratis.;9625-happystor-hscc58717-estor-enrollable-estampado-digital-cocina-tejido-traslucido
upsert;margin-right: auto;width=342 height=114 /></p>;width=342 height=114 /></p>;Estor liso noche y día económico con sistema de doble tejido. Diseño elegante, medidas a medida y envío gratis.;margin-right: auto-width-342-height-114-p
upsert;9626;Happystor HSCI51200 Estor Enrollable Estampado Digital Infantil Tejido Traslúcido;Happystor Estor Enrollable Estampado Digital Infantil Traslúcido;Bonito estor infantil digital de alta calidad. Diseños temáticos para niños, económico, a medida y con envío gratuito.;9626-happystor-hsci51200-estor-enrollable-estampado-digital-infantil-tejido-traslucido
upsert;margin-right: auto;width=342 height=114 /></p>;width=342 height=114 /></p>;Estor liso de calidad en tejido translúcido o tipo noche y día. Económico, a medida y envío gratuito en todos tus pedidos.;margin-right: auto-width-342-height-114-p
upsert;9627;Happystor HSCI80010 Estor Enrollable Estampado Digital Infantil Tejido Traslúcido;Happystor Estor Enrollable Estampado Digital Infantil Traslúcido;Estores digitales infantiles con diseños alegres y coloridos. A tu medida, precio económico y envío gratis. ¡Los niños los adorarán!;9627-happystor-hsci80010-estor-enrollable-estampado-digital-infantil-tejido-traslucido
upsert;margin-right: auto;width=342 height=114 /></p>;width=342 height=114 /></p>;Estor liso de alta calidad con tejido translúcido u opaco. Colores modernos, medidas personalizadas y envío gratis. ¡Al mejor precio!;margin-right: auto-width-342-height-114-p
upsert;9628;Happystor HSCI80020 Estor Enrollable Estampado Digital Infantil Tejido Traslúcido;Happystor Estor Enrollable Estampado Digital Infantil Traslúcido;Estor infantil con estampado digital exclusivo. Colores vivos para niños, medidas a medida, barato y envío gratuito.;9628-happystor-hsci80020-estor-enrollable-estampado-digital-infantil-tejido-traslucido
upsert;margin-right: auto;width=342 height=114 /></p>;width=342 height=114 /></p>;Estor enrollable liso económico con diseño actual. Tejido traslúcido u opaco, medidas a tu medida y envío gratis en toda España.;margin-right: auto-width-342-height-114-p
upsert;9629;Happystor HSCI80060 Estor Enrollable Estampado Digital Infantil Tejido Traslúcido;Happystor Estor Enrollable Estampado Digital Infantil Traslúcido;Decora la habitación infantil con estores digitales modernos. Diseños coloridos, económicos, a medida y con envío gratis.;9629-happystor-hsci80060-estor-enrollable-estampado-digital-infantil-tejido-traslucido
upsert;margin-right: auto;width=342 height=114 /></p>;width=342 height=114 /></p>;Estores lisos modernos al mejor precio. Múltiples colores, tejido translúcido u opaco, medidas personalizadas y envío gratuito.;margin-right: auto-width-342-height-114-p
upsert;9630;Happystor HSCI84829 Estor Enrollable Estampado Digital Infantil Tejido Traslúcido;Happystor Estor Enrollable Estampado Digital Infantil Traslúcido;Estor infantil con estampado digital divertido. Diseños coloridos para niños, medidas personalizadas, precio barato y envío gratis.;9630-happystor-hsci84829-estor-enrollable-estampado-digital-infantil-tejido-traslucido
upsert;margin-right: auto;width=342 height=114 /></p>;width=342 height=114 /></p>;Estor liso noche y día económico con sistema de doble tejido. Diseño elegante, medidas a medida y envío gratis.;margin-right: auto-width-342-height-114-p
upsert;9631;Happystor HSCI91949 Estor Enrollable Estampado Digital Infantil Tejido Traslúcido;Happystor Estor Enrollable Estampado Digital Infantil Traslúcido;Bonito estor infantil digital de alta calidad. Diseños temáticos para niños, económico, a medida y con envío gratuito.;9631-happystor-hsci91949-estor-enrollable-estampado-digital-infantil-tejido-traslucido
upsert;margin-right: auto;width=342 height=114 /></p>;width=342 height=114 /></p>;Estor liso de calidad en tejido translúcido o tipo noche y día. Económico, a medida y envío gratuito en todos tus pedidos.;margin-right: auto-width-342-height-114-p
upsert;9632;Happystor HSCI92483 Estor Enrollable Estampado Digital Infantil Tejido Traslúcido;Happystor Estor Enrollable Estampado Digital Infantil Traslúcido;Estores digitales infantiles con diseños alegres y coloridos. A tu medida, precio económico y envío gratis. ¡Los niños los adorarán!;9632-happystor-hsci92483-estor-enrollable-estampado-digital-infantil-tejido-traslucido
upsert;margin-right: auto;width=342 height=114 /></p>;width=342 height=114 /></p>;Estor liso de alta calidad con tejido translúcido u opaco. Colores modernos, medidas personalizadas y envío gratis. ¡Al mejor precio!;margin-right: auto-width-342-height-114-p
upsert;9633;Happystor HSCI97012 Estor Enrollable Estampado Digital Infantil Tejido Traslúcido;Happystor Estor Enrollable Estampado Digital Infantil Traslúcido;Estor infantil con estampado digital exclusivo. Colores vivos para niños, medidas a medida, barato y envío gratuito.;9633-happystor-hsci97012-estor-enrollable-estampado-digital-infantil-tejido-traslucido
upsert;margin-right: auto;width=342 height=114 /></p>;width=342 height=114 /></p>;Estor enrollable liso económico con diseño actual. Tejido traslúcido u opaco, medidas a tu medida y envío gratis en toda España.;margin-right: auto-width-342-height-114-p
upsert;9634;Happystor HSCI97016 Estor Enrollable Estampado Digital Infantil Tejido Traslúcido;Happystor Estor Enrollable Estampado Digital Infantil Traslúcido;Decora la habitación infantil con estores digitales modernos. Diseños coloridos, económicos, a medida y con envío gratis.;9634-happystor-hsci97016-estor-enrollable-estampado-digital-infantil-tejido-traslucido
upsert;margin-right: auto;width=342 height=114 /></p>;width=342 height=114 /></p>;Estores lisos modernos al mejor precio. Múltiples colores, tejido translúcido u opaco, medidas personalizadas y envío gratuito.;margin-right: auto-width-342-height-114-p
upsert;9635;Happystor HSCI97017 Estor Enrollable Estampado Digital Infantil Tejido Traslúcido;Happystor Estor Enrollable Estampado Digital Infantil Traslúcido;Estor infantil con estampado digital divertido. Diseños coloridos para niños, medidas personalizadas, precio barato y envío gratis.;9635-happystor-hsci97017-estor-enrollable-estampado-digital-infantil-tejido-traslucido
upsert;margin-right: auto;width=342 height=114 /></p>;width=342 height=114 /></p>;Estor liso noche y día económico con sistema de doble tejido. Diseño elegante, medidas a medida y envío gratis.;margin-right: auto-width-342-height-114-p
upsert;9636;Happystor HSCI97018 Estor Enrollable Estampado Digital Infantil Tejido Traslúcido;Happystor Estor Enrollable Estampado Digital Infantil Traslúcido;Bonito estor infantil digital de alta calidad. Diseños temáticos para niños, económico, a medida y con envío gratuito.;9636-happystor-hsci97018-estor-enrollable-estampado-digital-infantil-tejido-traslucido
upsert;margin-right: auto;width=342 height=114 /></p>;width=342 height=114 /></p>;Estor liso de calidad en tejido translúcido o tipo noche y día. Económico, a medida y envío gratuito en todos tus pedidos.;margin-right: auto-width-342-height-114-p
upsert;9637;Happystor HSCI97020 Estor Enrollable Estampado Digital Infantil Tejido Traslúcido;Happystor Estor Enrollable Estampado Digital Infantil Traslúcido;Estores digitales infantiles con diseños alegres y coloridos. A tu medida, precio económico y envío gratis. ¡Los niños los adorarán!;9637-happystor-hsci97020-estor-enrollable-estampado-digital-infantil-tejido-traslucido
upsert;margin-right: auto;width=342 height=114 /></p>;width=342 height=114 /></p>;Estor liso de alta calidad con tejido translúcido u opaco. Colores modernos, medidas personalizadas y envío gratis. ¡Al mejor precio!;margin-right: auto-width-342-height-114-p
upsert;9638;Happystor HSCI97021 Estor Enrollable Estampado Digital Infantil Tejido Traslúcido;Happystor Estor Enrollable Estampado Digital Infantil Traslúcido;Estor infantil con estampado digital exclusivo. Colores vivos para niños, medidas a medida, barato y envío gratuito.;9638-happystor-hsci97021-estor-enrollable-estampado-digital-infantil-tejido-traslucido
upsert;margin-right: auto;width=342 height=114 /></p>;width=342 height=114 /></p>;Estor enrollable liso económico con diseño actual. Tejido traslúcido u opaco, medidas a tu medida y envío gratis en toda España.;margin-right: auto-width-342-height-114-p
upsert;9639;Happystor HSCI97022 Estor Enrollable Estampado Digital Infantil Tejido Traslúcido;Happystor Estor Enrollable Estampado Digital Infantil Traslúcido;Decora la habitación infantil con estores digitales modernos. Diseños coloridos, económicos, a medida y con envío gratis.;9639-happystor-hsci97022-estor-enrollable-estampado-digital-infantil-tejido-traslucido
upsert;margin-right: auto;width=342 height=114 /></p>;width=342 height=114 /></p>;Estores lisos modernos al mejor precio. Múltiples colores, tejido translúcido u opaco, medidas personalizadas y envío gratuito.;margin-right: auto-width-342-height-114-p
upsert;9640;Happystor HSCI98001 Estor Enrollable Estampado Digital Infantil Tejido Traslúcido;Happystor Estor Enrollable Estampado Digital Infantil Traslúcido;Estor infantil con estampado digital divertido. Diseños coloridos para niños, medidas personalizadas, precio barato y envío gratis.;9640-happystor-hsci98001-estor-enrollable-estampado-digital-infantil-tejido-traslucido
upsert;margin-right: auto;width=342 height=114 /></p>;width=342 height=114 /></p>;Estor liso noche y día económico con sistema de doble tejido. Diseño elegante, medidas a medida y envío gratis.;margin-right: auto-width-342-height-114-p
upsert;9641;Happystor HSCI98003 Estor Enrollable Estampado Digital Infantil Tejido Traslúcido;Happystor Estor Enrollable Estampado Digital Infantil Traslúcido;Bonito estor infantil digital de alta calidad. Diseños temáticos para niños, económico, a medida y con envío gratuito.;9641-happystor-hsci98003-estor-enrollable-estampado-digital-infantil-tejido-traslucido
upsert;margin-right: auto;width=342 height=114 /></p>;width=342 height=114 /></p>;Estor liso de calidad en tejido translúcido o tipo noche y día. Económico, a medida y envío gratuito en todos tus pedidos.;margin-right: auto-width-342-height-114-p
upsert;9642;Happystor HSCI98004 Estor Enrollable Estampado Digital Infantil Tejido Traslúcido;Happystor Estor Enrollable Estampado Digital Infantil Traslúcido;Estores digitales infantiles con diseños alegres y coloridos. A tu medida, precio económico y envío gratis. ¡Los niños los adorarán!;9642-happystor-hsci98004-estor-enrollable-estampado-digital-infantil-tejido-traslucido
upsert;margin-right: auto;width=342 height=114 /></p>;width=342 height=114 /></p>;Estor liso de alta calidad con tejido translúcido u opaco. Colores modernos, medidas personalizadas y envío gratis. ¡Al mejor precio!;margin-right: auto-width-342-height-114-p
upsert;9643;Happystor HSCI98005 Estor Enrollable Estampado Digital Infantil Tejido Traslúcido;Happystor Estor Enrollable Estampado Digital Infantil Traslúcido;Estor infantil con estampado digital exclusivo. Colores vivos para niños, medidas a medida, barato y envío gratuito.;9643-happystor-hsci98005-estor-enrollable-estampado-digital-infantil-tejido-traslucido
upsert;margin-right: auto;width=342 height=114 /></p>;width=342 height=114 /></p>;Estor enrollable liso económico con diseño actual. Tejido traslúcido u opaco, medidas a tu medida y envío gratis en toda España.;margin-right: auto-width-342-height-114-p
upsert;9644;Happystor HSCI98006 Estor Enrollable Estampado Digital Infantil Tejido Traslúcido;Happystor Estor Enrollable Estampado Digital Infantil Traslúcido;Decora la habitación infantil con estores digitales modernos. Diseños coloridos, económicos, a medida y con envío gratis.;9644-happystor-hsci98006-estor-enrollable-estampado-digital-infantil-tejido-traslucido
upsert;margin-right: auto;width=342 height=114 /></p>;width=342 height=114 /></p>;Estores lisos modernos al mejor precio. Múltiples colores, tejido translúcido u opaco, medidas personalizadas y envío gratuito.;margin-right: auto-width-342-height-114-p
upsert;9645;Happystor HSCI98007 Estor Enrollable Estampado Digital Infantil Tejido Traslúcido;Happystor Estor Enrollable Estampado Digital Infantil Traslúcido;Estor infantil con estampado digital divertido. Diseños coloridos para niños, medidas personalizadas, precio barato y envío gratis.;9645-happystor-hsci98007-estor-enrollable-estampado-digital-infantil-tejido-traslucido
upsert;margin-right: auto;width=342 height=114 /></p>;width=342 height=114 /></p>;Estor liso noche y día económico con sistema de doble tejido. Diseño elegante, medidas a medida y envío gratis.;margin-right: auto-width-342-height-114-p
upsert;9646;Happystor HSCI98008 Estor Enrollable Estampado Digital Infantil Tejido Traslúcido;Happystor Estor Enrollable Estampado Digital Infantil Traslúcido;Bonito estor infantil digital de alta calidad. Diseños temáticos para niños, económico, a medida y con envío gratuito.;9646-happystor-hsci98008-estor-enrollable-estampado-digital-infantil-tejido-traslucido
upsert;margin-right: auto;width=342 height=114 /></p>;width=342 height=114 /></p>;Estor liso de calidad en tejido translúcido o tipo noche y día. Económico, a medida y envío gratuito en todos tus pedidos.;margin-right: auto-width-342-height-114-p
upsert;9647;Happystor HSCI98009 Estor Enrollable Estampado Digital Infantil Tejido Traslúcido;Happystor Estor Enrollable Estampado Digital Infantil Traslúcido;Estores digitales infantiles con diseños alegres y coloridos. A tu medida, precio económico y envío gratis. ¡Los niños los adorarán!;9647-happystor-hsci98009-estor-enrollable-estampado-digital-infantil-tejido-traslucido
upsert;margin-right: auto;width=342 height=114 /></p>;width=342 height=114 /></p>;Estor liso de alta calidad con tejido translúcido u opaco. Colores modernos, medidas personalizadas y envío gratis. ¡Al mejor precio!;margin-right: auto-width-342-height-114-p
upsert;9648;Happystor HSCI06846 Estor Enrollable Estampado Digital Infantil Tejido Traslúcido;Happystor Estor Enrollable Estampado Digital Infantil Traslúcido;Estor infantil con estampado digital exclusivo. Colores vivos para niños, medidas a medida, barato y envío gratuito.;9648-happystor-hsci06846-estor-enrollable-estampado-digital-infantil-tejido-traslucido
upsert;margin-right: auto;width=342 height=114 /></p>;width=342 height=114 /></p>;Estor enrollable liso económico con diseño actual. Tejido traslúcido u opaco, medidas a tu medida y envío gratis en toda España.;margin-right: auto-width-342-height-114-p
upsert;9649;Happystor HSCI75719 Estor Enrollable Estampado Digital Infantil Tejido Traslúcido;Happystor Estor Enrollable Estampado Digital Infantil Traslúcido;Decora la habitación infantil con estores digitales modernos. Diseños coloridos, económicos, a medida y con envío gratis.;9649-happystor-hsci75719-estor-enrollable-estampado-digital-infantil-tejido-traslucido
upsert;margin-right: auto;width=342 height=114 /></p>;width=342 height=114 /></p>;Estores lisos modernos al mejor precio. Múltiples colores, tejido translúcido u opaco, medidas personalizadas y envío gratuito.;margin-right: auto-width-342-height-114-p
upsert;9650;Happystor HSCI02204 Estor Enrollable Estampado Digital Infantil Tejido Traslúcido;Happystor Estor Enrollable Estampado Digital Infantil Traslúcido;Estor infantil con estampado digital divertido. Diseños coloridos para niños, medidas personalizadas, precio barato y envío gratis.;9650-happystor-hsci02204-estor-enrollable-estampado-digital-infantil-tejido-traslucido
upsert;margin-right: auto;width=342 height=114 /></p>;width=342 height=114 /></p>;Estor liso noche y día económico con sistema de doble tejido. Diseño elegante, medidas a medida y envío gratis.;margin-right: auto-width-342-height-114-p
upsert;9651;Happystor HSCI79010 Estor Enrollable Estampado Digital Infantil Tejido Traslúcido;Happystor Estor Enrollable Estampado Digital Infantil Traslúcido;Bonito estor infantil digital de alta calidad. Diseños temáticos para niños, económico, a medida y con envío gratuito.;9651-happystor-hsci79010-estor-enrollable-estampado-digital-infantil-tejido-traslucido
upsert;margin-right: auto;width=342 height=114 /></p>;width=342 height=114 /></p>;Estor liso de calidad en tejido translúcido o tipo noche y día. Económico, a medida y envío gratuito en todos tus pedidos.;margin-right: auto-width-342-height-114-p
upsert;9652;Happystor HSCI27607 Estor Enrollable Estampado Digital Infantil Tejido Traslúcido;Happystor Estor Enrollable Estampado Digital Infantil Traslúcido;Estores digitales infantiles con diseños alegres y coloridos. A tu medida, precio económico y envío gratis. ¡Los niños los adorarán!;9652-happystor-hsci27607-estor-enrollable-estampado-digital-infantil-tejido-traslucido
upsert;margin-right: auto;width=342 height=114 /></p>;width=342 height=114 /></p>;Estor liso de alta calidad con tejido translúcido u opaco. Colores modernos, medidas personalizadas y envío gratis. ¡Al mejor precio!;margin-right: auto-width-342-height-114-p
upsert;9653;Happystor HSCI12387 Estor Enrollable Estampado Digital Infantil Tejido Traslúcido;Happystor Estor Enrollable Estampado Digital Infantil Traslúcido;Estor infantil con estampado digital exclusivo. Colores vivos para niños, medidas a medida, barato y envío gratuito.;9653-happystor-hsci12387-estor-enrollable-estampado-digital-infantil-tejido-traslucido
upsert;margin-right: auto;width=342 height=114 /></p>;width=342 height=114 /></p>;Estor enrollable liso económico con diseño actual. Tejido traslúcido u opaco, medidas a tu medida y envío gratis en toda España.;margin-right: auto-width-342-height-114-p
upsert;9654;Happystor HSCI06662 Estor Enrollable Estampado Digital Infantil Tejido Traslúcido;Happystor Estor Enrollable Estampado Digital Infantil Traslúcido;Decora la habitación infantil con estores digitales modernos. Diseños coloridos, económicos, a medida y con envío gratis.;9654-happystor-hsci06662-estor-enrollable-estampado-digital-infantil-tejido-traslucido
upsert;margin-right: auto;width=342 height=114 /></p>;width=342 height=114 /></p>;Estores lisos modernos al mejor precio. Múltiples colores, tejido translúcido u opaco, medidas personalizadas y envío gratuito.;margin-right: auto-width-342-height-114-p
upsert;9655;Happystor HSCI80483 Estor Enrollable Estampado Digital Infantil Tejido Traslúcido;Happystor Estor Enrollable Estampado Digital Infantil Traslúcido;Estor infantil con estampado digital divertido. Diseños coloridos para niños, medidas personalizadas, precio barato y envío gratis.;9655-happystor-hsci80483-estor-enrollable-estampado-digital-infantil-tejido-traslucido
upsert;margin-right: auto;width=342 height=114 /></p>;width=342 height=114 /></p>;Estor liso noche y día económico con sistema de doble tejido. Diseño elegante, medidas a medida y envío gratis.;margin-right: auto-width-342-height-114-p
upsert;9656;Happystor HSCI66281 Estor Enrollable Estampado Digital Infantil Tejido Traslúcido;Happystor Estor Enrollable Estampado Digital Infantil Traslúcido;Bonito estor infantil digital de alta calidad. Diseños temáticos para niños, económico, a medida y con envío gratuito.;9656-happystor-hsci66281-estor-enrollable-estampado-digital-infantil-tejido-traslucido
upsert;margin-right: auto;width=342 height=114 /></p>;width=342 height=114 /></p>;Estor liso de calidad en tejido translúcido o tipo noche y día. Económico, a medida y envío gratuito en todos tus pedidos.;margin-right: auto-width-342-height-114-p
upsert;9657;Happystor HSCI97023 Estor Enrollable Estampado Digital Infantil Tejido Traslúcido;Happystor Estor Enrollable Estampado Digital Infantil Traslúcido;Estores digitales infantiles con diseños alegres y coloridos. A tu medida, precio económico y envío gratis. ¡Los niños los adorarán!;9657-happystor-hsci97023-estor-enrollable-estampado-digital-infantil-tejido-traslucido
upsert;margin-right: auto;width=342 height=114 /></p>;width=342 height=114 /></p>;Estor liso de alta calidad con tejido translúcido u opaco. Colores modernos, medidas personalizadas y envío gratis. ¡Al mejor precio!;margin-right: auto-width-342-height-114-p
upsert;9658;Happystor HSCI98002 Estor Enrollable Estampado Digital Infantil Tejido Traslúcido;Happystor Estor Enrollable Estampado Digital Infantil Traslúcido;Estor infantil con estampado digital exclusivo. Colores vivos para niños, medidas a medida, barato y envío gratuito.;9658-happystor-hsci98002-estor-enrollable-estampado-digital-infantil-tejido-traslucido
upsert;margin-right: auto;width=342 height=114 /></p>;width=342 height=114 /></p>;Estor enrollable liso económico con diseño actual. Tejido traslúcido u opaco, medidas a tu medida y envío gratis en toda España.;margin-right: auto-width-342-height-114-p
upsert;9659;Happystor HSCJ6868 Estor Enrollable Estampado Digital Juveniles Tejido Traslúcido;Happystor Estor Enrollable Estampado Digital Juveniles Traslúcido;Decora tu habitación juvenil con estores digitales exclusivos. Diseños modernos, económicos, a medida y envío gratuito.;9659-happystor-hscj6868-estor-enrollable-estampado-digital-juveniles-tejido-traslucido
upsert;margin-right: auto;width=342 height=114 /></p>;width=342 height=114 /></p>;Estores lisos modernos al mejor precio. Múltiples colores, tejido translúcido u opaco, medidas personalizadas y envío gratuito.;margin-right: auto-width-342-height-114-p
upsert;9660;Happystor HSCJ16047 Estor Enrollable Estampado Digital Juveniles Tejido Traslúcido;Happystor Estor Enrollable Estampado Digital Juveniles Traslúcido;Estor juvenil de diseño original con impresión digital. Deportes y aficiones en tu ventana, barato, a medida y envío gratis.;9660-happystor-hscj16047-estor-enrollable-estampado-digital-juveniles-tejido-traslucido
upsert;margin-right: auto;width=342 height=114 /></p>;width=342 height=114 /></p>;Estor liso noche y día económico con sistema de doble tejido. Diseño elegante, medidas a medida y envío gratis.;margin-right: auto-width-342-height-114-p
upsert;9661;Happystor HSCJ20978 Estor Enrollable Estampado Digital Juveniles Tejido Traslúcido;Happystor Estor Enrollable Estampado Digital Juveniles Traslúcido;Estor juvenil con estampado digital de diseños modernos. Deportes y aficiones favoritas, medidas personalizadas, precio barato y envío gratis.;9661-happystor-hscj20978-estor-enrollable-estampado-digital-juveniles-tejido-traslucido
upsert;margin-right: auto;width=342 height=114 /></p>;width=342 height=114 /></p>;Estor liso de calidad en tejido translúcido o tipo noche y día. Económico, a medida y envío gratuito en todos tus pedidos.;margin-right: auto-width-342-height-114-p
upsert;9662;Happystor HSCJ27849 Estor Enrollable Estampado Digital Juveniles Tejido Traslúcido;Happystor Estor Enrollable Estampado Digital Juveniles Traslúcido;Estores digitales juveniles con temáticas modernas de deporte y moda. Económicos, a medida y envío gratuito. ¡Estilo garantizado!;9662-happystor-hscj27849-estor-enrollable-estampado-digital-juveniles-tejido-traslucido
upsert;margin-right: auto;width=342 height=114 /></p>;width=342 height=114 /></p>;Estor liso de alta calidad con tejido translúcido u opaco. Colores modernos, medidas personalizadas y envío gratis. ¡Al mejor precio!;margin-right: auto-width-342-height-114-p
upsert;9663;Happystor HSCJ10851 Estor Enrollable Estampado Digital Juveniles Tejido Traslúcido;Happystor Estor Enrollable Estampado Digital Juveniles Traslúcido;Estor juvenil con estampado digital moderno. Diseños de aficiones favoritas, precio barato, a medida y envío gratis.;9663-happystor-hscj10851-estor-enrollable-estampado-digital-juveniles-tejido-traslucido
upsert;margin-right: auto;width=342 height=114 /></p>;width=342 height=114 /></p>;Estor enrollable liso económico con diseño actual. Tejido traslúcido u opaco, medidas a tu medida y envío gratis en toda España.;margin-right: auto-width-342-height-114-p
upsert;9664;Happystor HSCJ16047 Estor Enrollable Estampado Digital Juveniles Tejido Traslúcido;Happystor Estor Enrollable Estampado Digital Juveniles Traslúcido;Decora tu habitación juvenil con estores digitales exclusivos. Diseños modernos, económicos, a medida y envío gratuito.;9664-happystor-hscj16047-estor-enrollable-estampado-digital-juveniles-tejido-traslucido
upsert;margin-right: auto;width=342 height=114 /></p>;width=342 height=114 /></p>;Estores lisos modernos al mejor precio. Múltiples colores, tejido translúcido u opaco, medidas personalizadas y envío gratuito.;margin-right: auto-width-342-height-114-p
upsert;9665;Happystor HSCJ20978 Estor Enrollable Estampado Digital Juveniles Tejido Traslúcido;Happystor Estor Enrollable Estampado Digital Juveniles Traslúcido;Estor juvenil de diseño original con impresión digital. Deportes y aficiones en tu ventana, barato, a medida y envío gratis.;9665-happystor-hscj20978-estor-enrollable-estampado-digital-juveniles-tejido-traslucido
upsert;margin-right: auto;width=342 height=114 /></p>;width=342 height=114 /></p>;Estor liso noche y día económico con sistema de doble tejido. Diseño elegante, medidas a medida y envío gratis.;margin-right: auto-width-342-height-114-p
upsert;9666;Happystor HSCJ27849 Estor Enrollable Estampado Digital Juveniles Tejido Traslúcido;Happystor Estor Enrollable Estampado Digital Juveniles Traslúcido;Estor juvenil con estampado digital de diseños modernos. Deportes y aficiones favoritas, medidas personalizadas, precio barato y envío gratis.;9666-happystor-hscj27849-estor-enrollable-estampado-digital-juveniles-tejido-traslucido
upsert;margin-right: auto;width=342 height=114 /></p>;width=342 height=114 /></p>;Estor liso de calidad en tejido translúcido o tipo noche y día. Económico, a medida y envío gratuito en todos tus pedidos.;margin-right: auto-width-342-height-114-p
upsert;9667;Happystor HSCJ80010 Estor Enrollable Estampado Digital Juveniles Tejido Traslúcido;Happystor Estor Enrollable Estampado Digital Juveniles Traslúcido;Estores digitales juveniles con temáticas modernas de deporte y moda. Económicos, a medida y envío gratuito. ¡Estilo garantizado!;9667-happystor-hscj80010-estor-enrollable-estampado-digital-juveniles-tejido-traslucido
upsert;margin-right: auto;width=342 height=114 /></p>;width=342 height=114 /></p>;Estor liso de alta calidad con tejido translúcido u opaco. Colores modernos, medidas personalizadas y envío gratis. ¡Al mejor precio!;margin-right: auto-width-342-height-114-p
upsert;9668;Happystor HSCJ80020 Estor Enrollable Estampado Digital Juveniles Tejido Traslúcido;Happystor Estor Enrollable Estampado Digital Juveniles Traslúcido;Estor juvenil con estampado digital moderno. Diseños de aficiones favoritas, precio barato, a medida y envío gratis.;9668-happystor-hscj80020-estor-enrollable-estampado-digital-juveniles-tejido-traslucido
upsert;margin-right: auto;width=342 height=114 /></p>;width=342 height=114 /></p>;Estor enrollable liso económico con diseño actual. Tejido traslúcido u opaco, medidas a tu medida y envío gratis en toda España.;margin-right: auto-width-342-height-114-p
upsert;9669;Happystor HSCJ80030 Estor Enrollable Estampado Digital Juveniles Tejido Traslúcido;Happystor Estor Enrollable Estampado Digital Juveniles Traslúcido;Decora tu habitación juvenil con estores digitales exclusivos. Diseños modernos, económicos, a medida y envío gratuito.;9669-happystor-hscj80030-estor-enrollable-estampado-digital-juveniles-tejido-traslucido
upsert;margin-right: auto;width=342 height=114 /></p>;width=342 height=114 /></p>;Estores lisos modernos al mejor precio. Múltiples colores, tejido translúcido u opaco, medidas personalizadas y envío gratuito.;margin-right: auto-width-342-height-114-p
upsert;9670;Happystor HSCJ80040 Estor Enrollable Estampado Digital Juveniles Tejido Traslúcido;Happystor Estor Enrollable Estampado Digital Juveniles Traslúcido;Estor juvenil de diseño original con impresión digital. Deportes y aficiones en tu ventana, barato, a medida y envío gratis.;9670-happystor-hscj80040-estor-enrollable-estampado-digital-juveniles-tejido-traslucido
upsert;margin-right: auto;width=342 height=114 /></p>;width=342 height=114 /></p>;Estor liso noche y día económico con sistema de doble tejido. Diseño elegante, medidas a medida y envío gratis.;margin-right: auto-width-342-height-114-p
upsert;9671;Happystor HSCJ80060 Estor Enrollable Estampado Digital Juveniles Tejido Traslúcido;Happystor Estor Enrollable Estampado Digital Juveniles Traslúcido;Estor juvenil con estampado digital de diseños modernos. Deportes y aficiones favoritas, medidas personalizadas, precio barato y envío gratis.;9671-happystor-hscj80060-estor-enrollable-estampado-digital-juveniles-tejido-traslucido
upsert;margin-right: auto;width=342 height=114 /></p>;width=342 height=114 /></p>;Estor liso de calidad en tejido translúcido o tipo noche y día. Económico, a medida y envío gratuito en todos tus pedidos.;margin-right: auto-width-342-height-114-p
upsert;9672;Happystor HSCJ80070 Estor Enrollable Estampado Digital Juveniles Tejido Traslúcido;Happystor Estor Enrollable Estampado Digital Juveniles Traslúcido;Estores digitales juveniles con temáticas modernas de deporte y moda. Económicos, a medida y envío gratuito. ¡Estilo garantizado!;9672-happystor-hscj80070-estor-enrollable-estampado-digital-juveniles-tejido-traslucido
upsert;margin-right: auto;width=342 height=114 /></p>;width=342 height=114 /></p>;Estor liso de alta calidad con tejido translúcido u opaco. Colores modernos, medidas personalizadas y envío gratis. ¡Al mejor precio!;margin-right: auto-width-342-height-114-p
upsert;9673;Happystor HSCJ96008 Estor Enrollable Estampado Digital Juveniles Tejido Traslúcido;Happystor Estor Enrollable Estampado Digital Juveniles Traslúcido;Estor juvenil con estampado digital moderno. Diseños de aficiones favoritas, precio barato, a medida y envío gratis.;9673-happystor-hscj96008-estor-enrollable-estampado-digital-juveniles-tejido-traslucido
upsert;margin-right: auto;width=342 height=114 /></p>;width=342 height=114 /></p>;Estor enrollable liso económico con diseño actual. Tejido traslúcido u opaco, medidas a tu medida y envío gratis en toda España.;margin-right: auto-width-342-height-114-p
upsert;9674;Happystor HSCJ97029 Estor Enrollable Estampado Digital Juveniles Tejido Traslúcido;Happystor Estor Enrollable Estampado Digital Juveniles Traslúcido;Decora tu habitación juvenil con estores digitales exclusivos. Diseños modernos, económicos, a medida y envío gratuito.;9674-happystor-hscj97029-estor-enrollable-estampado-digital-juveniles-tejido-traslucido
upsert;margin-right: auto;width=342 height=114 /></p>;width=342 height=114 /></p>;Estores lisos modernos al mejor precio. Múltiples colores, tejido translúcido u opaco, medidas personalizadas y envío gratuito.;margin-right: auto-width-342-height-114-p
upsert;9675;Happystor HSCJ98001 Estor Enrollable Estampado Digital Juveniles Tejido Traslúcido;Happystor Estor Enrollable Estampado Digital Juveniles Traslúcido;Estor juvenil de diseño original con impresión digital. Deportes y aficiones en tu ventana, barato, a medida y envío gratis.;9675-happystor-hscj98001-estor-enrollable-estampado-digital-juveniles-tejido-traslucido
upsert;margin-right: auto;width=342 height=114 /></p>;width=342 height=114 /></p>;Estor liso noche y día económico con sistema de doble tejido. Diseño elegante, medidas a medida y envío gratis.;margin-right: auto-width-342-height-114-p
upsert;9676;Happystor HSCJ98002 Estor Enrollable Estampado Digital Juveniles Tejido Traslúcido;Happystor Estor Enrollable Estampado Digital Juveniles Traslúcido;Estor juvenil con estampado digital de diseños modernos. Deportes y aficiones favoritas, medidas personalizadas, precio barato y envío gratis.;9676-happystor-hscj98002-estor-enrollable-estampado-digital-juveniles-tejido-traslucido
upsert;margin-right: auto;width=342 height=114 /></p>;width=342 height=114 /></p>;Estor liso de calidad en tejido translúcido o tipo noche y día. Económico, a medida y envío gratuito en todos tus pedidos.;margin-right: auto-width-342-height-114-p
upsert;9677;Happystor HSCJ98003 Estor Enrollable Estampado Digital Juveniles Tejido Traslúcido;Happystor Estor Enrollable Estampado Digital Juveniles Traslúcido;Estores digitales juveniles con temáticas modernas de deporte y moda. Económicos, a medida y envío gratuito. ¡Estilo garantizado!;9677-happystor-hscj98003-estor-enrollable-estampado-digital-juveniles-tejido-traslucido
upsert;margin-right: auto;width=342 height=114 /></p>;width=342 height=114 /></p>;Estor liso de alta calidad con tejido translúcido u opaco. Colores modernos, medidas personalizadas y envío gratis. ¡Al mejor precio!;margin-right: auto-width-342-height-114-p
upsert;9678;Happystor HSCV37019 Estor Enrollable Estampado Digital Varios Tejido Traslúcido;Happystor Estor Enrollable Estampado Digital Varios Traslúcido;Estor con estampado digital de diseño exclusivo. Patrones únicos y modernos, precio económico, a medida y envío gratis.;9678-happystor-hscv37019-estor-enrollable-estampado-digital-varios-tejido-traslucido
upsert;margin-right: auto;width=342 height=114 /></p>;width=342 height=114 /></p>;Estor enrollable liso económico con diseño actual. Tejido traslúcido u opaco, medidas a tu medida y envío gratis en toda España.;margin-right: auto-width-342-height-114-p
upsert;9679;Happystor HSCV99001 Estor Enrollable Estampado Digital Varios Tejido Traslúcido;Happystor Estor Enrollable Estampado Digital Varios Traslúcido;Dale un toque único con estores digitales de diseño exclusivo. Modernos y bonitos, precio barato, a medida y envío gratis.;9679-happystor-hscv99001-estor-enrollable-estampado-digital-varios-tejido-traslucido
upsert;margin-right: auto;width=342 height=114 /></p>;width=342 height=114 /></p>;Estores lisos modernos al mejor precio. Múltiples colores, tejido translúcido u opaco, medidas personalizadas y envío gratuito.;margin-right: auto-width-342-height-114-p
upsert;9680;Happystor HSCZ94008 Estor Enrollable Estampado Digital Zen Tejido Traslúcido;Happystor Estor Enrollable Estampado Digital Zen Traslúcido;Estor digital Zen inspirado en la naturaleza y la paz. Diseño exclusivo, económico, a medida y envío gratuito.;9680-happystor-hscz94008-estor-enrollable-estampado-digital-zen-tejido-traslucido
upsert;margin-right: auto;width=342 height=114 /></p>;width=342 height=114 /></p>;Estor liso noche y día económico con sistema de doble tejido. Diseño elegante, medidas a medida y envío gratis.;margin-right: auto-width-342-height-114-p
upsert;9681;Happystor HSCZ28020 Estor Enrollable Estampado Digital Zen Tejido Traslúcido;Happystor Estor Enrollable Estampado Digital Zen Traslúcido;Transforma tu espacio con estores digitales Zen. Diseños inspiradores, precio económico, a medida y envío gratis.;9681-happystor-hscz28020-estor-enrollable-estampado-digital-zen-tejido-traslucido
upsert;margin-right: auto;width=342 height=114 /></p>;width=342 height=114 /></p>;Estor liso de calidad en tejido translúcido o tipo noche y día. Económico, a medida y envío gratuito en todos tus pedidos.;margin-right: auto-width-342-height-114-p
upsert;9682;Happystor HSCZ05359 Estor Enrollable Estampado Digital Zen Tejido Traslúcido;Happystor Estor Enrollable Estampado Digital Zen Traslúcido;Estor con estampado digital de temática Zen. Diseños relajantes y modernos, medidas personalizadas, precio económico y envío gratis.;9682-happystor-hscz05359-estor-enrollable-estampado-digital-zen-tejido-traslucido
upsert;margin-right: auto;width=342 height=114 /></p>;width=342 height=114 /></p>;Estor liso de alta calidad con tejido translúcido u opaco. Colores modernos, medidas personalizadas y envío gratis. ¡Al mejor precio!;margin-right: auto-width-342-height-114-p
upsert;9683;Happystor HSCZ39344 Estor Enrollable Estampado Digital Zen Tejido Traslúcido;Happystor Estor Enrollable Estampado Digital Zen Traslúcido;Estores Zen digitales para crear ambientes de paz y tranquilidad. Diseños exclusivos, económicos, a medida y envío gratuito.;9683-happystor-hscz39344-estor-enrollable-estampado-digital-zen-tejido-traslucido
upsert;margin-right: auto;width=342 height=114 /></p>;width=342 height=114 /></p>;Estor enrollable liso económico con diseño actual. Tejido traslúcido u opaco, medidas a tu medida y envío gratis en toda España.;margin-right: auto-width-342-height-114-p
upsert;9684;Happystor HSCZ70338 Estor Enrollable Estampado Digital Zen Tejido Traslúcido;Happystor Estor Enrollable Estampado Digital Zen Traslúcido;Crea un ambiente zen con estores de impresión digital. Diseños relajantes, precio barato, medidas a medida y envío gratis.;9684-happystor-hscz70338-estor-enrollable-estampado-digital-zen-tejido-traslucido
upsert;margin-right: auto;width=342 height=114 /></p>;width=342 height=114 /></p>;Estores lisos modernos al mejor precio. Múltiples colores, tejido translúcido u opaco, medidas personalizadas y envío gratuito.;margin-right: auto-width-342-height-114-p
upsert;9685;Happystor HSCU80020 Estor Enrollable Estampado Digital Ciudades Tejido Traslúcido;Happystor Estor Enrollable Estampado Digital Ciudades Traslúcido;Estor con impresión digital de ciudades únicas del mundo. Diseño moderno y colorido, medidas a medida, barato y envío gratuito.;9685-happystor-hscu80020-estor-enrollable-estampado-digital-ciudades-tejido-traslucido
upsert;margin-right: auto;width=342 height=114 /></p>;width=342 height=114 /></p>;Estor liso noche y día económico con sistema de doble tejido. Diseño elegante, medidas a medida y envío gratis.;margin-right: auto-width-342-height-114-p
upsert;9686;Happystor HSCU92004 Estor Enrollable Estampado Digital Ciudades Tejido Traslúcido;Happystor Estor Enrollable Estampado Digital Ciudades Traslúcido;Estor digital de ciudades del mundo. Diseños exclusivos, precio económico, medidas personalizadas y envío gratuito.;9686-happystor-hscu92004-estor-enrollable-estampado-digital-ciudades-tejido-traslucido
upsert;margin-right: auto;width=342 height=114 /></p>;width=342 height=114 /></p>;Estor liso de calidad en tejido translúcido o tipo noche y día. Económico, a medida y envío gratuito en todos tus pedidos.;margin-right: auto-width-342-height-114-p
upsert;9687;Happystor HSCU92005 Estor Enrollable Estampado Digital Ciudades Tejido Traslúcido;Happystor Estor Enrollable Estampado Digital Ciudades Traslúcido;Estor con estampado digital de ciudades del mundo. Diseños modernos y exclusivos, medidas personalizadas, precio económico y envío gratis.;9687-happystor-hscu92005-estor-enrollable-estampado-digital-ciudades-tejido-traslucido
upsert;margin-right: auto;width=342 height=114 /></p>;width=342 height=114 /></p>;Estor liso de alta calidad con tejido translúcido u opaco. Colores modernos, medidas personalizadas y envío gratis. ¡Al mejor precio!;margin-right: auto-width-342-height-114-p
upsert;9688;Happystor HSCI80030 Estor Enrollable Estampado Digital Infantil Tejido Traslúcido;Happystor Estor Enrollable Estampado Digital Infantil Traslúcido;Decora la habitación infantil con estores digitales modernos. Diseños coloridos, económicos, a medida y con envío gratis.;9688-happystor-hsci80030-estor-enrollable-estampado-digital-infantil-tejido-traslucido
upsert;margin-right: auto;width=342 height=114 /></p>;width=342 height=114 /></p>;Estor enrollable liso económico con diseño actual. Tejido traslúcido u opaco, medidas a tu medida y envío gratis en toda España.;margin-right: auto-width-342-height-114-p
upsert;9689;Happystor HSCI80040 Estor Enrollable Estampado Digital Infantil Tejido Traslúcido;Happystor Estor Enrollable Estampado Digital Infantil Traslúcido;Estor infantil con estampado digital divertido. Diseños coloridos para niños, medidas personalizadas, precio barato y envío gratis.;9689-happystor-hsci80040-estor-enrollable-estampado-digital-infantil-tejido-traslucido
upsert;margin-right: auto;width=342 height=114 /></p>;width=342 height=114 /></p>;Estores lisos modernos al mejor precio. Múltiples colores, tejido translúcido u opaco, medidas personalizadas y envío gratuito.;margin-right: auto-width-342-height-114-p
upsert;9690;Happystor HSCI20201 Estor Enrollable Estampado Digital Infantil Tejido Traslúcido;Happystor Estor Enrollable Estampado Digital Infantil Traslúcido;Bonito estor infantil digital de alta calidad. Diseños temáticos para niños, económico, a medida y con envío gratuito.;9690-happystor-hsci20201-estor-enrollable-estampado-digital-infantil-tejido-traslucido
upsert;margin-right: auto;width=342 height=114 /></p>;width=342 height=114 /></p>;Estor liso noche y día económico con sistema de doble tejido. Diseño elegante, medidas a medida y envío gratis.;margin-right: auto-width-342-height-114-p
upsert;9691;Happystor HSCI20202 Estor Enrollable Estampado Digital Infantil Tejido Traslúcido;Happystor Estor Enrollable Estampado Digital Infantil Traslúcido;Estores digitales infantiles con diseños alegres y coloridos. A tu medida, precio económico y envío gratis. ¡Los niños los adorarán!;9691-happystor-hsci20202-estor-enrollable-estampado-digital-infantil-tejido-traslucido
upsert;margin-right: auto;width=342 height=114 /></p>;width=342 height=114 /></p>;Estor liso de calidad en tejido translúcido o tipo noche y día. Económico, a medida y envío gratuito en todos tus pedidos.;margin-right: auto-width-342-height-114-p
upsert;9692;Happystor HSCP20301 Estor Enrollable Estampado Digital Paisajes Tejido Traslúcido;Happystor Estor Enrollable Estampado Digital Paisajes Traslúcido;Estor con impresión digital de paisajes del mundo. Diseño relajante y exclusivo, económico, a medida y envío gratuito.;9692-happystor-hscp20301-estor-enrollable-estampado-digital-paisajes-tejido-traslucido
upsert;margin-right: auto;width=342 height=114 /></p>;width=342 height=114 /></p>;Estor liso de alta calidad con tejido translúcido u opaco. Colores modernos, medidas personalizadas y envío gratis. ¡Al mejor precio!;margin-right: auto-width-342-height-114-p
upsert;9693;Happystor HSCP20302 Estor Enrollable Estampado Digital Paisajes Tejido Traslúcido;Happystor Estor Enrollable Estampado Digital Paisajes Traslúcido;Transforma tu hogar con estores de paisajes digitales. Diseños naturales modernos, precio económico, a medida y envío gratis.;9693-happystor-hscp20302-estor-enrollable-estampado-digital-paisajes-tejido-traslucido
upsert;margin-right: auto;width=342 height=114 /></p>;width=342 height=114 /></p>;Estor enrollable liso económico con diseño actual. Tejido traslúcido u opaco, medidas a tu medida y envío gratis en toda España.;margin-right: auto-width-342-height-114-p
upsert;9694;Happystor HSCP20303 Estor Enrollable Estampado Digital Paisajes Tejido Traslúcido;Happystor Estor Enrollable Estampado Digital Paisajes Traslúcido;Estor con estampado digital de paisajes naturales. Diseños relajantes, medidas personalizadas, precio económico y envío gratis.;9694-happystor-hscp20303-estor-enrollable-estampado-digital-paisajes-tejido-traslucido
upsert;margin-right: auto;width=342 height=114 /></p>;width=342 height=114 /></p>;Estores lisos modernos al mejor precio. Múltiples colores, tejido translúcido u opaco, medidas personalizadas y envío gratuito.;margin-right: auto-width-342-height-114-p
upsert;9695;Happystor HSCJ96003 Estor Enrollable Estampado Digital Juveniles Tejido Traslúcido;Happystor Estor Enrollable Estampado Digital Juveniles Traslúcido;Estor juvenil con estampado digital moderno. Diseños de aficiones favoritas, precio barato, a medida y envío gratis.;9695-happystor-hscj96003-estor-enrollable-estampado-digital-juveniles-tejido-traslucido
upsert;margin-right: auto;width=342 height=114 /></p>;width=342 height=114 /></p>;Estor liso noche y día económico con sistema de doble tejido. Diseño elegante, medidas a medida y envío gratis.;margin-right: auto-width-342-height-114-p
upsert;9696;Happystor HSCC91035 Estor Enrollable Estampado Digital Cocina Tejido Traslúcido;Happystor Estor Enrollable Estampado Digital Cocina Traslúcido;Estores digitales para cocina con diseños únicos y modernos. A tu medida, precio barato y envío gratuito en toda España.;9696-happystor-hscc91035-estor-enrollable-estampado-digital-cocina-tejido-traslucido
upsert;margin-right: auto;width=342 height=114 /></p>;width=342 height=114 /></p>;Estor liso de calidad en tejido translúcido o tipo noche y día. Económico, a medida y envío gratuito en todos tus pedidos.;margin-right: auto-width-342-height-114-p
upsert;9697;Happystor HSCC20502 Estor Enrollable Estampado Digital Cocina Tejido Traslúcido;Happystor Estor Enrollable Estampado Digital Cocina Traslúcido;Dale estilo a tu cocina con estores digitales exclusivos. Diseños temáticos modernos, a medida, precio económico y envío gratis.;9697-happystor-hscc20502-estor-enrollable-estampado-digital-cocina-tejido-traslucido
upsert;margin-right: auto;width=342 height=114 /></p>;width=342 height=114 /></p>;Estor liso de alta calidad con tejido translúcido u opaco. Colores modernos, medidas personalizadas y envío gratis. ¡Al mejor precio!;margin-right: auto-width-342-height-114-p
upsert;9698;Happystor HSCC20503 Estor Enrollable Estampado Digital Cocina Tejido Traslúcido;Happystor Estor Enrollable Estampado Digital Cocina Traslúcido;Estor digital para cocina de alta calidad. Bonitos diseños gastronómicos exclusivos, económico, a medida y envío gratuito.;9698-happystor-hscc20503-estor-enrollable-estampado-digital-cocina-tejido-traslucido
upsert;margin-right: auto;width=342 height=114 /></p>;width=342 height=114 /></p>;Estor enrollable liso económico con diseño actual. Tejido traslúcido u opaco, medidas a tu medida y envío gratis en toda España.;margin-right: auto-width-342-height-114-p
upsert;9699;Happystor HSCC20504 Estor Enrollable Estampado Digital Cocina Tejido Traslúcido;Happystor Estor Enrollable Estampado Digital Cocina Traslúcido;Estores digitales para cocinas modernas y originales. Precio barato, medidas a medida, instalación fácil y envío gratis.;9699-happystor-hscc20504-estor-enrollable-estampado-digital-cocina-tejido-traslucido
upsert;margin-right: auto;width=342 height=114 /></p>;width=342 height=114 /></p>;Estores lisos modernos al mejor precio. Múltiples colores, tejido translúcido u opaco, medidas personalizadas y envío gratuito.;margin-right: auto-width-342-height-114-p
upsert;9700;Happystor HSCV20601 Estor Enrollable Estampado Digital Varios Tejido Traslúcido;Happystor Estor Enrollable Estampado Digital Varios Traslúcido;Estores digitales con diseños originales y modernos. Gran variedad de patrones, precio económico, a medida y envío gratuito.;9700-happystor-hscv20601-estor-enrollable-estampado-digital-varios-tejido-traslucido
upsert;margin-right: auto;width=342 height=114 /></p>;width=342 height=114 /></p>;Estor liso noche y día económico con sistema de doble tejido. Diseño elegante, medidas a medida y envío gratis.;margin-right: auto-width-342-height-114-p
upsert;9701;Happystor HSCZ20701 Estor Enrollable Estampado Digital Zen Tejido Traslúcido;Happystor Estor Enrollable Estampado Digital Zen Traslúcido;Estor digital Zen inspirado en la naturaleza y la paz. Diseño exclusivo, económico, a medida y envío gratuito.;9701-happystor-hscz20701-estor-enrollable-estampado-digital-zen-tejido-traslucido
upsert;margin-right: auto;width=342 height=114 /></p>;width=342 height=114 /></p>;Estor liso de calidad en tejido translúcido o tipo noche y día. Económico, a medida y envío gratuito en todos tus pedidos.;margin-right: auto-width-342-height-114-p
upsert;9702;Happystor HSCZ20702 Estor Enrollable Estampado Digital Zen Tejido Traslúcido;Happystor Estor Enrollable Estampado Digital Zen Traslúcido;Transforma tu espacio con estores digitales Zen. Diseños inspiradores, precio económico, a medida y envío gratis.;9702-happystor-hscz20702-estor-enrollable-estampado-digital-zen-tejido-traslucido
upsert;margin-right: auto;width=342 height=114 /></p>;width=342 height=114 /></p>;Estor liso de alta calidad con tejido translúcido u opaco. Colores modernos, medidas personalizadas y envío gratis. ¡Al mejor precio!;margin-right: auto-width-342-height-114-p
upsert;9703;Happystor HSCZ20703 Estor Enrollable Estampado Digital Zen Tejido Traslúcido;Happystor Estor Enrollable Estampado Digital Zen Traslúcido;Estor con estampado digital de temática Zen. Diseños relajantes y modernos, medidas personalizadas, precio económico y envío gratis.;9703-happystor-hscz20703-estor-enrollable-estampado-digital-zen-tejido-traslucido
upsert;margin-right: auto;width=342 height=114 /></p>;width=342 height=114 /></p>;Estor enrollable liso económico con diseño actual. Tejido traslúcido u opaco, medidas a tu medida y envío gratis en toda España.;margin-right: auto-width-342-height-114-p
upsert;9704;Happystor Acacia Estor Enrollable Estampado Digital Fantasia Tejido Traslúcido;Happystor Acacia Estor Estampado Digital Fantasia Traslúcido;Estor con estampado digital de fantasía exclusivo. Diseños creativos y modernos, precio barato, a medida y envío gratuito.;9704-happystor-acacia-estor-enrollable-estampado-digital-fantasia-tejido-traslucido
upsert;9705;Happystor Amelia Estor Enrollable Estampado Digital Fantasia Tejido Traslúcido;Happystor Amelia Estor Estampado Digital Fantasia Traslúcido;Estor con estampado digital de fantasía y diseño moderno. Diseños únicos y coloridos, medidas a medida, precio barato y envío gratis.;9705-happystor-amelia-estor-enrollable-estampado-digital-fantasia-tejido-traslucido
upsert;9706;Happystor HSCC58007 Estor Enrollable Estampado Digital Cocina Tejido Traslúcido;Happystor Estor Enrollable Estampado Digital Cocina Traslúcido;Estor con estampado digital para cocina. Diseños modernos gastronómicos, medidas personalizadas, precio económico y envío gratis.;9706-happystor-hscc58007-estor-enrollable-estampado-digital-cocina-tejido-traslucido
upsert;margin-right: auto;width=342 height=114 /></p>;width=342 height=114 /></p>;Estores lisos modernos al mejor precio. Múltiples colores, tejido translúcido u opaco, medidas personalizadas y envío gratuito.;margin-right: auto-width-342-height-114-p
upsert;9707;Happystor HSCC58008 Estor Enrollable Estampado Digital Cocina Tejido Traslúcido;Happystor Estor Enrollable Estampado Digital Cocina Traslúcido;Estores digitales para cocina con diseños únicos y modernos. A tu medida, precio barato y envío gratuito en toda España.;9707-happystor-hscc58008-estor-enrollable-estampado-digital-cocina-tejido-traslucido
upsert;margin-right: auto;width=342 height=114 /></p>;width=342 height=114 /></p>;Estor liso noche y día económico con sistema de doble tejido. Diseño elegante, medidas a medida y envío gratis.;margin-right: auto-width-342-height-114-p
upsert;9708;Happystor HSCC58009 Estor Enrollable Estampado Digital Cocina Tejido Traslúcido;Happystor Estor Enrollable Estampado Digital Cocina Traslúcido;Dale estilo a tu cocina con estores digitales exclusivos. Diseños temáticos modernos, a medida, precio económico y envío gratis.;9708-happystor-hscc58009-estor-enrollable-estampado-digital-cocina-tejido-traslucido
upsert;margin-right: auto;width=342 height=114 /></p>;width=342 height=114 /></p>;Estor liso de calidad en tejido translúcido o tipo noche y día. Económico, a medida y envío gratuito en todos tus pedidos.;margin-right: auto-width-342-height-114-p
upsert;9709;Happystor HSCC58010 Estor Enrollable Estampado Digital Cocina Tejido Traslúcido;Happystor Estor Enrollable Estampado Digital Cocina Traslúcido;Estor digital para cocina de alta calidad. Bonitos diseños gastronómicos exclusivos, económico, a medida y envío gratuito.;9709-happystor-hscc58010-estor-enrollable-estampado-digital-cocina-tejido-traslucido
upsert;margin-right: auto;width=342 height=114 /></p>;width=342 height=114 /></p>;Estor liso de alta calidad con tejido translúcido u opaco. Colores modernos, medidas personalizadas y envío gratis. ¡Al mejor precio!;margin-right: auto-width-342-height-114-p
upsert;9710;Happystor HSCC58011 Estor Enrollable Estampado Digital Cocina Tejido Traslúcido;Happystor Estor Enrollable Estampado Digital Cocina Traslúcido;Estores digitales para cocinas modernas y originales. Precio barato, medidas a medida, instalación fácil y envío gratis.;9710-happystor-hscc58011-estor-enrollable-estampado-digital-cocina-tejido-traslucido
upsert;margin-right: auto;width=342 height=114 /></p>;width=342 height=114 /></p>;Estor enrollable liso económico con diseño actual. Tejido traslúcido u opaco, medidas a tu medida y envío gratis en toda España.;margin-right: auto-width-342-height-114-p
upsert;9711;Happystor HSCC58012 Estor Enrollable Estampado Digital Cocina Tejido Traslúcido;Happystor Estor Enrollable Estampado Digital Cocina Traslúcido;Estor con estampado digital para cocina. Diseños modernos gastronómicos, medidas personalizadas, precio económico y envío gratis.;9711-happystor-hscc58012-estor-enrollable-estampado-digital-cocina-tejido-traslucido
upsert;margin-right: auto;width=342 height=114 /></p>;width=342 height=114 /></p>;Estores lisos modernos al mejor precio. Múltiples colores, tejido translúcido u opaco, medidas personalizadas y envío gratuito.;margin-right: auto-width-342-height-114-p
upsert;9712;Happystor HSCC58013 Estor Enrollable Estampado Digital Cocina Tejido Traslúcido;Happystor Estor Enrollable Estampado Digital Cocina Traslúcido;Estores digitales para cocina con diseños únicos y modernos. A tu medida, precio barato y envío gratuito en toda España.;9712-happystor-hscc58013-estor-enrollable-estampado-digital-cocina-tejido-traslucido
upsert;margin-right: auto;width=342 height=114 /></p>;width=342 height=114 /></p>;Estor liso noche y día económico con sistema de doble tejido. Diseño elegante, medidas a medida y envío gratis.;margin-right: auto-width-342-height-114-p
upsert;9713;Happystor HSCC91029 Estor Enrollable Estampado Digital Cocina Tejido Traslúcido;Happystor Estor Enrollable Estampado Digital Cocina Traslúcido;Dale estilo a tu cocina con estores digitales exclusivos. Diseños temáticos modernos, a medida, precio económico y envío gratis.;9713-happystor-hscc91029-estor-enrollable-estampado-digital-cocina-tejido-traslucido
upsert;margin-right: auto;width=342 height=114 /></p>;width=342 height=114 /></p>;Estor liso de calidad en tejido translúcido o tipo noche y día. Económico, a medida y envío gratuito en todos tus pedidos.;margin-right: auto-width-342-height-114-p
upsert;9714;Happystor HSCC91037 Estor Enrollable Estampado Digital Cocina Tejido Traslúcido;Happystor Estor Enrollable Estampado Digital Cocina Traslúcido;Estor digital para cocina de alta calidad. Bonitos diseños gastronómicos exclusivos, económico, a medida y envío gratuito.;9714-happystor-hscc91037-estor-enrollable-estampado-digital-cocina-tejido-traslucido
upsert;margin-right: auto;width=342 height=114 /></p>;width=342 height=114 /></p>;Estor liso de alta calidad con tejido translúcido u opaco. Colores modernos, medidas personalizadas y envío gratis. ¡Al mejor precio!;margin-right: auto-width-342-height-114-p
upsert;9715;Happystor HSCI28011 Estor Enrollable Estampado Digital Infantil Tejido Traslúcido;Happystor Estor Enrollable Estampado Digital Infantil Traslúcido;Estor infantil con estampado digital exclusivo. Colores vivos para niños, medidas a medida, barato y envío gratuito.;9715-happystor-hsci28011-estor-enrollable-estampado-digital-infantil-tejido-traslucido
upsert;margin-right: auto;width=342 height=114 /></p>;width=342 height=114 /></p>;Estor enrollable liso económico con diseño actual. Tejido traslúcido u opaco, medidas a tu medida y envío gratis en toda España.;margin-right: auto-width-342-height-114-p
upsert;9716;Happystor HSCI28012 Estor Enrollable Estampado Digital Infantil Tejido Traslúcido;Happystor Estor Enrollable Estampado Digital Infantil Traslúcido;Decora la habitación infantil con estores digitales modernos. Diseños coloridos, económicos, a medida y con envío gratis.;9716-happystor-hsci28012-estor-enrollable-estampado-digital-infantil-tejido-traslucido
upsert;margin-right: auto;width=342 height=114 /></p>;width=342 height=114 /></p>;Estores lisos modernos al mejor precio. Múltiples colores, tejido translúcido u opaco, medidas personalizadas y envío gratuito.;margin-right: auto-width-342-height-114-p
upsert;9717;Happystor HSCI28013 Estor Enrollable Estampado Digital Infantil Tejido Traslúcido;Happystor Estor Enrollable Estampado Digital Infantil Traslúcido;Estor infantil con estampado digital divertido. Diseños coloridos para niños, medidas personalizadas, precio barato y envío gratis.;9717-happystor-hsci28013-estor-enrollable-estampado-digital-infantil-tejido-traslucido
upsert;margin-right: auto;width=342 height=114 /></p>;width=342 height=114 /></p>;Estor liso noche y día económico con sistema de doble tejido. Diseño elegante, medidas a medida y envío gratis.;margin-right: auto-width-342-height-114-p
upsert;9718;Happystor HSCI28014 Estor Enrollable Estampado Digital Infantil Tejido Traslúcido;Happystor Estor Enrollable Estampado Digital Infantil Traslúcido;Bonito estor infantil digital de alta calidad. Diseños temáticos para niños, económico, a medida y con envío gratuito.;9718-happystor-hsci28014-estor-enrollable-estampado-digital-infantil-tejido-traslucido
upsert;margin-right: auto;width=342 height=114 /></p>;width=342 height=114 /></p>;Estor liso de calidad en tejido translúcido o tipo noche y día. Económico, a medida y envío gratuito en todos tus pedidos.;margin-right: auto-width-342-height-114-p
upsert;9719;Happystor HSCI28015 Estor Enrollable Estampado Digital Infantil Tejido Traslúcido;Happystor Estor Enrollable Estampado Digital Infantil Traslúcido;Estores digitales infantiles con diseños alegres y coloridos. A tu medida, precio económico y envío gratis. ¡Los niños los adorarán!;9719-happystor-hsci28015-estor-enrollable-estampado-digital-infantil-tejido-traslucido
upsert;margin-right: auto;width=342 height=114 /></p>;width=342 height=114 /></p>;Estor liso de alta calidad con tejido translúcido u opaco. Colores modernos, medidas personalizadas y envío gratis. ¡Al mejor precio!;margin-right: auto-width-342-height-114-p
upsert;9720;Happystor HSCI28016 Estor Enrollable Estampado Digital Infantil Tejido Traslúcido;Happystor Estor Enrollable Estampado Digital Infantil Traslúcido;Estor infantil con estampado digital exclusivo. Colores vivos para niños, medidas a medida, barato y envío gratuito.;9720-happystor-hsci28016-estor-enrollable-estampado-digital-infantil-tejido-traslucido
upsert;margin-right: auto;width=342 height=114 /></p>;width=342 height=114 /></p>;Estor enrollable liso económico con diseño actual. Tejido traslúcido u opaco, medidas a tu medida y envío gratis en toda España.;margin-right: auto-width-342-height-114-p
upsert;9721;Happystor HSCI28017 Estor Enrollable Estampado Digital Infantil Tejido Traslúcido;Happystor Estor Enrollable Estampado Digital Infantil Traslúcido;Decora la habitación infantil con estores digitales modernos. Diseños coloridos, económicos, a medida y con envío gratis.;9721-happystor-hsci28017-estor-enrollable-estampado-digital-infantil-tejido-traslucido
upsert;margin-right: auto;width=342 height=114 /></p>;width=342 height=114 /></p>;Estores lisos modernos al mejor precio. Múltiples colores, tejido translúcido u opaco, medidas personalizadas y envío gratuito.;margin-right: auto-width-342-height-114-p
upsert;9722;Happystor HSCI28018 Estor Enrollable Estampado Digital Infantil Tejido Traslúcido;Happystor Estor Enrollable Estampado Digital Infantil Traslúcido;Estor infantil con estampado digital divertido. Diseños coloridos para niños, medidas personalizadas, precio barato y envío gratis.;9722-happystor-hsci28018-estor-enrollable-estampado-digital-infantil-tejido-traslucido
upsert;margin-right: auto;width=342 height=114 /></p>;width=342 height=114 /></p>;Estor liso noche y día económico con sistema de doble tejido. Diseño elegante, medidas a medida y envío gratis.;margin-right: auto-width-342-height-114-p
upsert;9723;Happystor HSCI28019 Estor Enrollable Estampado Digital Infantil Tejido Traslúcido;Happystor Estor Enrollable Estampado Digital Infantil Traslúcido;Bonito estor infantil digital de alta calidad. Diseños temáticos para niños, económico, a medida y con envío gratuito.;9723-happystor-hsci28019-estor-enrollable-estampado-digital-infantil-tejido-traslucido
upsert;margin-right: auto;width=342 height=114 /></p>;width=342 height=114 /></p>;Estor liso de calidad en tejido translúcido o tipo noche y día. Económico, a medida y envío gratuito en todos tus pedidos.;margin-right: auto-width-342-height-114-p
upsert;9724;Happystor HSCI28020 Estor Enrollable Estampado Digital Infantil Tejido Traslúcido;Happystor Estor Enrollable Estampado Digital Infantil Traslúcido;Estores digitales infantiles con diseños alegres y coloridos. A tu medida, precio económico y envío gratis. ¡Los niños los adorarán!;9724-happystor-hsci28020-estor-enrollable-estampado-digital-infantil-tejido-traslucido
upsert;margin-right: auto;width=342 height=114 /></p>;width=342 height=114 /></p>;Estor liso de alta calidad con tejido translúcido u opaco. Colores modernos, medidas personalizadas y envío gratis. ¡Al mejor precio!;margin-right: auto-width-342-height-114-p
upsert;9725;Happystor HSCI28021 Estor Enrollable Estampado Digital Infantil Tejido Traslúcido;Happystor Estor Enrollable Estampado Digital Infantil Traslúcido;Estor infantil con estampado digital exclusivo. Colores vivos para niños, medidas a medida, barato y envío gratuito.;9725-happystor-hsci28021-estor-enrollable-estampado-digital-infantil-tejido-traslucido
upsert;margin-right: auto;width=342 height=114 /></p>;width=342 height=114 /></p>;Estor enrollable liso económico con diseño actual. Tejido traslúcido u opaco, medidas a tu medida y envío gratis en toda España.;margin-right: auto-width-342-height-114-p
upsert;9726;Happystor HSCI28022 Estor Enrollable Estampado Digital Infantil Tejido Traslúcido;Happystor Estor Enrollable Estampado Digital Infantil Traslúcido;Decora la habitación infantil con estores digitales modernos. Diseños coloridos, económicos, a medida y con envío gratis.;9726-happystor-hsci28022-estor-enrollable-estampado-digital-infantil-tejido-traslucido
upsert;margin-right: auto;width=342 height=114 /></p>;width=342 height=114 /></p>;Estores lisos modernos al mejor precio. Múltiples colores, tejido translúcido u opaco, medidas personalizadas y envío gratuito.;margin-right: auto-width-342-height-114-p
upsert;9727;Happystor HSCI28023 Estor Enrollable Estampado Digital Infantil Tejido Traslúcido;Happystor Estor Enrollable Estampado Digital Infantil Traslúcido;Estor infantil con estampado digital divertido. Diseños coloridos para niños, medidas personalizadas, precio barato y envío gratis.;9727-happystor-hsci28023-estor-enrollable-estampado-digital-infantil-tejido-traslucido
upsert;margin-right: auto;width=342 height=114 /></p>;width=342 height=114 /></p>;Estor liso noche y día económico con sistema de doble tejido. Diseño elegante, medidas a medida y envío gratis.;margin-right: auto-width-342-height-114-p
upsert;9728;Happystor HSCI28024 Estor Enrollable Estampado Digital Infantil Tejido Traslúcido;Happystor Estor Enrollable Estampado Digital Infantil Traslúcido;Bonito estor infantil digital de alta calidad. Diseños temáticos para niños, económico, a medida y con envío gratuito.;9728-happystor-hsci28024-estor-enrollable-estampado-digital-infantil-tejido-traslucido
upsert;margin-right: auto;width=342 height=114 /></p>;width=342 height=114 /></p>;Estor liso de calidad en tejido translúcido o tipo noche y día. Económico, a medida y envío gratuito en todos tus pedidos.;margin-right: auto-width-342-height-114-p
upsert;9729;Happystor HSCI97015 Estor Enrollable Estampado Digital Infantil Tejido Traslúcido;Happystor Estor Enrollable Estampado Digital Infantil Traslúcido;Estores digitales infantiles con diseños alegres y coloridos. A tu medida, precio económico y envío gratis. ¡Los niños los adorarán!;9729-happystor-hsci97015-estor-enrollable-estampado-digital-infantil-tejido-traslucido
upsert;margin-right: auto;width=342 height=114 /></p>;width=342 height=114 /></p>;Estor liso de alta calidad con tejido translúcido u opaco. Colores modernos, medidas personalizadas y envío gratis. ¡Al mejor precio!;margin-right: auto-width-342-height-114-p
upsert;9730;Happystor HSCV68001 Estor Enrollable Estampado Digital VariosTejido Traslúcido;Happystor Estor Enrollable Estampado Digital VariosTejido Traslúcido;Estor con estampado digital de diseños exclusivos y modernos. Precios baratos, medidas personalizadas y envío gratuito en España.;9730-happystor-hscv68001-estor-enrollable-estampado-digital-variostejido-traslucido
upsert;margin-right: auto;width=342 height=114 /></p>;width=342 height=114 /></p>;Estor enrollable liso económico con diseño actual. Tejido traslúcido u opaco, medidas a tu medida y envío gratis en toda España.;margin-right: auto-width-342-height-114-p
upsert;9731;Happystor HSCV68002 Estor Enrollable Estampado Digital VariosTejido Traslúcido;Happystor Estor Enrollable Estampado Digital VariosTejido Traslúcido;Estores digitales con diseños abstractos y patrones únicos. Modernos y exclusivos, económicos, a medida y con envío gratuito.;9731-happystor-hscv68002-estor-enrollable-estampado-digital-variostejido-traslucido
upsert;margin-right: auto;width=342 height=114 /></p>;width=342 height=114 /></p>;Estores lisos modernos al mejor precio. Múltiples colores, tejido translúcido u opaco, medidas personalizadas y envío gratuito.;margin-right: auto-width-342-height-114-p
upsert;9732;Happystor HSCV68003 Estor Enrollable Estampado Digital VariosTejido Traslúcido;Happystor Estor Enrollable Estampado Digital VariosTejido Traslúcido;Estor con estampado digital de diseño exclusivo. Patrones únicos y modernos, precio económico, a medida y envío gratis.;9732-happystor-hscv68003-estor-enrollable-estampado-digital-variostejido-traslucido
upsert;margin-right: auto;width=342 height=114 /></p>;width=342 height=114 /></p>;Estor liso noche y día económico con sistema de doble tejido. Diseño elegante, medidas a medida y envío gratis.;margin-right: auto-width-342-height-114-p
upsert;9733;Happystor HSCV68004 Estor Enrollable Estampado Digital VariosTejido Traslúcido;Happystor Estor Enrollable Estampado Digital VariosTejido Traslúcido;Dale un toque único con estores digitales de diseño exclusivo. Modernos y bonitos, precio barato, a medida y envío gratis.;9733-happystor-hscv68004-estor-enrollable-estampado-digital-variostejido-traslucido
upsert;margin-right: auto;width=342 height=114 /></p>;width=342 height=114 /></p>;Estor liso de calidad en tejido translúcido o tipo noche y día. Económico, a medida y envío gratuito en todos tus pedidos.;margin-right: auto-width-342-height-114-p
upsert;9734;Happystor HSCV68005 Estor Enrollable Estampado Digital VariosTejido Traslúcido;Happystor Estor Enrollable Estampado Digital VariosTejido Traslúcido;Estores digitales con diseños originales y modernos. Gran variedad de patrones, precio económico, a medida y envío gratuito.;9734-happystor-hscv68005-estor-enrollable-estampado-digital-variostejido-traslucido
upsert;margin-right: auto;width=342 height=114 /></p>;width=342 height=114 /></p>;Estor liso de alta calidad con tejido translúcido u opaco. Colores modernos, medidas personalizadas y envío gratis. ¡Al mejor precio!;margin-right: auto-width-342-height-114-p
upsert;9735;Happystor HSCV68006 Estor Enrollable Estampado Digital VariosTejido Traslúcido;Happystor Estor Enrollable Estampado Digital VariosTejido Traslúcido;Estor con estampado digital de diseños exclusivos y modernos. Precios baratos, medidas personalizadas y envío gratuito en España.;9735-happystor-hscv68006-estor-enrollable-estampado-digital-variostejido-traslucido
upsert;margin-right: auto;width=342 height=114 /></p>;width=342 height=114 /></p>;Estor enrollable liso económico con diseño actual. Tejido traslúcido u opaco, medidas a tu medida y envío gratis en toda España.;margin-right: auto-width-342-height-114-p
upsert;9736;Happystor HSCV68007 Estor Enrollable Estampado Digital VariosTejido Traslúcido;Happystor Estor Enrollable Estampado Digital VariosTejido Traslúcido;Estores digitales con diseños abstractos y patrones únicos. Modernos y exclusivos, económicos, a medida y con envío gratuito.;9736-happystor-hscv68007-estor-enrollable-estampado-digital-variostejido-traslucido
upsert;margin-right: auto;width=342 height=114 /></p>;width=342 height=114 /></p>;Estores lisos modernos al mejor precio. Múltiples colores, tejido translúcido u opaco, medidas personalizadas y envío gratuito.;margin-right: auto-width-342-height-114-p
upsert;9737;Happystor HSCZ78004 Estor Enrollable Estampado Digital ZenTejido Traslúcido;Happystor Estor Enrollable Estampado Digital ZenTejido Traslúcido;Estores Zen digitales para crear ambientes de paz y tranquilidad. Diseños exclusivos, económicos, a medida y envío gratuito.;9737-happystor-hscz78004-estor-enrollable-estampado-digital-zentejido-traslucido
upsert;margin-right: auto;width=342 height=114 /></p>;width=342 height=114 /></p>;Estor liso noche y día económico con sistema de doble tejido. Diseño elegante, medidas a medida y envío gratis.;margin-right: auto-width-342-height-114-p
upsert;9738;Happystor HSCZ78005 Estor Enrollable Estampado Digital ZenTejido Traslúcido;Happystor Estor Enrollable Estampado Digital ZenTejido Traslúcido;Crea un ambiente zen con estores de impresión digital. Diseños relajantes, precio barato, medidas a medida y envío gratis.;9738-happystor-hscz78005-estor-enrollable-estampado-digital-zentejido-traslucido
upsert;margin-right: auto;width=342 height=114 /></p>;width=342 height=114 /></p>;Estor liso de calidad en tejido translúcido o tipo noche y día. Económico, a medida y envío gratuito en todos tus pedidos.;margin-right: auto-width-342-height-114-p
upsert;9739;Happystor HSCZ78006 Estor Enrollable Estampado Digital ZenTejido Traslúcido;Happystor Estor Enrollable Estampado Digital ZenTejido Traslúcido;Estor digital Zen inspirado en la naturaleza y la paz. Diseño exclusivo, económico, a medida y envío gratuito.;9739-happystor-hscz78006-estor-enrollable-estampado-digital-zentejido-traslucido
upsert;margin-right: auto;width=342 height=114 /></p>;width=342 height=114 /></p>;Estor liso de alta calidad con tejido translúcido u opaco. Colores modernos, medidas personalizadas y envío gratis. ¡Al mejor precio!;margin-right: auto-width-342-height-114-p
upsert;9740;Happystor HSCZ78007 Estor Enrollable Estampado Digital ZenTejido Traslúcido;Happystor Estor Enrollable Estampado Digital ZenTejido Traslúcido;Transforma tu espacio con estores digitales Zen. Diseños inspiradores, precio económico, a medida y envío gratis.;9740-happystor-hscz78007-estor-enrollable-estampado-digital-zentejido-traslucido
upsert;margin-right: auto;width=342 height=114 /></p>;width=342 height=114 /></p>;Estor enrollable liso económico con diseño actual. Tejido traslúcido u opaco, medidas a tu medida y envío gratis en toda España.;margin-right: auto-width-342-height-114-p
upsert;9741;Happystor HSCZ78008 Estor Enrollable Estampado Digital ZenTejido Traslúcido;Happystor Estor Enrollable Estampado Digital ZenTejido Traslúcido;Estor con estampado digital de temática Zen. Diseños relajantes y modernos, medidas personalizadas, precio económico y envío gratis.;9741-happystor-hscz78008-estor-enrollable-estampado-digital-zentejido-traslucido
upsert;margin-right: auto;width=342 height=114 /></p>;width=342 height=114 /></p>;Estores lisos modernos al mejor precio. Múltiples colores, tejido translúcido u opaco, medidas personalizadas y envío gratuito.;margin-right: auto-width-342-height-114-p
upsert;9742;Happystor HSCZ78009 Estor Enrollable Estampado Digital ZenTejido Traslúcido;Happystor Estor Enrollable Estampado Digital ZenTejido Traslúcido;Estores Zen digitales para crear ambientes de paz y tranquilidad. Diseños exclusivos, económicos, a medida y envío gratuito.;9742-happystor-hscz78009-estor-enrollable-estampado-digital-zentejido-traslucido
upsert;margin-right: auto;width=342 height=114 /></p>;width=342 height=114 /></p>;Estor liso noche y día económico con sistema de doble tejido. Diseño elegante, medidas a medida y envío gratis.;margin-right: auto-width-342-height-114-p
upsert;9743;Happystor HSCZ78010 Estor Enrollable Estampado Digital ZenTejido Traslúcido;Happystor Estor Enrollable Estampado Digital ZenTejido Traslúcido;Crea un ambiente zen con estores de impresión digital. Diseños relajantes, precio barato, medidas a medida y envío gratis.;9743-happystor-hscz78010-estor-enrollable-estampado-digital-zentejido-traslucido
upsert;margin-right: auto;width=342 height=114 /></p>;width=342 height=114 /></p>;Estor liso de calidad en tejido translúcido o tipo noche y día. Económico, a medida y envío gratuito en todos tus pedidos.;margin-right: auto-width-342-height-114-p
upsert;9744;Happystor HSCZ78011 Estor Enrollable Estampado Digital ZenTejido Traslúcido;Happystor Estor Enrollable Estampado Digital ZenTejido Traslúcido;Estor digital Zen inspirado en la naturaleza y la paz. Diseño exclusivo, económico, a medida y envío gratuito.;9744-happystor-hscz78011-estor-enrollable-estampado-digital-zentejido-traslucido
upsert;margin-right: auto;width=342 height=114 /></p>;width=342 height=114 /></p>;Estor liso de alta calidad con tejido translúcido u opaco. Colores modernos, medidas personalizadas y envío gratis. ¡Al mejor precio!;margin-right: auto-width-342-height-114-p
upsert;9745;Happystor HSCZ78012 Estor Enrollable Estampado Digital ZenTejido Traslúcido;Happystor Estor Enrollable Estampado Digital ZenTejido Traslúcido;Transforma tu espacio con estores digitales Zen. Diseños inspiradores, precio económico, a medida y envío gratis.;9745-happystor-hscz78012-estor-enrollable-estampado-digital-zentejido-traslucido
upsert;margin-right: auto;width=342 height=114 /></p>;width=342 height=114 /></p>;Estor enrollable liso económico con diseño actual. Tejido traslúcido u opaco, medidas a tu medida y envío gratis en toda España.;margin-right: auto-width-342-height-114-p
upsert;9746;Happystor Deco 1 Estor Enrollable Estampado Digital FantasiaTejido Traslúcido;Happystor Deco 1 Estor Estampado Digital FantasiaTejido Traslúcido;Estores digitales de fantasía con diseños únicos y creativos. Modernos, económicos, a medida y envío gratuito en toda España.;9746-happystor-deco-1-estor-enrollable-estampado-digital-fantasiatejido-traslucido
upsert;9747;Happystor Deco 2 Estor Enrollable Estampado Digital FantasiaTejido Traslúcido;Happystor Deco 2 Estor Estampado Digital FantasiaTejido Traslúcido;Estor digital de fantasía con diseño creativo exclusivo. Patrones únicos y modernos, precio barato, a medida y envío gratuito.;9747-happystor-deco-2-estor-enrollable-estampado-digital-fantasiatejido-traslucido
upsert;9748;Happystor Dalia Estor Enrollable Estampado Digital FantasiaTejido Traslúcido;Happystor Dalia Estor Estampado Digital FantasiaTejido Traslúcido;Estampados de fantasía en estores digitales. Diseños únicos y modernos, precio económico, medidas personalizadas y envío gratis.;9748-happystor-dalia-estor-enrollable-estampado-digital-fantasiatejido-traslucido
upsert;9749;Happystor Jade Estor Enrollable Estampado Digital FantasiaTejido Traslúcido;Happystor Jade Estor Estampado Digital FantasiaTejido Traslúcido;Estor con estampado digital de fantasía exclusivo. Diseños creativos y modernos, precio barato, a medida y envío gratuito.;9749-happystor-jade-estor-enrollable-estampado-digital-fantasiatejido-traslucido
upsert;9750;Happystor Tulipanes Estor Enrollable Estampado Digital FantasiaTejido Traslúcido;Happystor Tulipanes Estor Estampado Digital FantasiaTejido Traslúcido;Estor con estampado digital de fantasía y diseño moderno. Diseños únicos y coloridos, medidas a medida, precio barato y envío gratis.;9750-happystor-tulipanes-estor-enrollable-estampado-digital-fantasiatejido-traslucido
upsert;9751;Happystor Hojas 3 Estor Enrollable Estampado Digital FantasiaTejido Traslúcido;Happystor Hojas 3 Estor Estampado Digital FantasiaTejido Traslúcido;Estores digitales de fantasía con diseños únicos y creativos. Modernos, económicos, a medida y envío gratuito en toda España.;9751-happystor-hojas-3-estor-enrollable-estampado-digital-fantasiatejido-traslucido
upsert;9752;Happystor Hojas 4 Estor Enrollable Estampado Digital FantasiaTejido Traslúcido;Happystor Hojas 4 Estor Estampado Digital FantasiaTejido Traslúcido;Estor digital de fantasía con diseño creativo exclusivo. Patrones únicos y modernos, precio barato, a medida y envío gratuito.;9752-happystor-hojas-4-estor-enrollable-estampado-digital-fantasiatejido-traslucido
upsert;9753;Happystor Hojas 5 Estor Enrollable Estampado Digital FantasiaTejido Traslúcido;Happystor Hojas 5 Estor Estampado Digital FantasiaTejido Traslúcido;Estampados de fantasía en estores digitales. Diseños únicos y modernos, precio económico, medidas personalizadas y envío gratis.;9753-happystor-hojas-5-estor-enrollable-estampado-digital-fantasiatejido-traslucido
upsert;9754;Happystor Hojas 6 Estor Enrollable Estampado Digital FantasiaTejido Traslúcido;Happystor Hojas 6 Estor Estampado Digital FantasiaTejido Traslúcido;Estor con estampado digital de fantasía exclusivo. Diseños creativos y modernos, precio barato, a medida y envío gratuito.;9754-happystor-hojas-6-estor-enrollable-estampado-digital-fantasiatejido-traslucido
upsert;9755;Happystor Listas Estor Enrollable Estampado Digital FantasiaTejido Traslúcido;Happystor Listas Estor Estampado Digital FantasiaTejido Traslúcido;Estor con estampado digital de fantasía y diseño moderno. Diseños únicos y coloridos, medidas a medida, precio barato y envío gratis.;9755-happystor-listas-estor-enrollable-estampado-digital-fantasiatejido-traslucido
upsert;9756;Happystor Mandala Estor Enrollable Estampado Digital FantasiaTejido Traslúcido;Happystor Mandala Estor Estampado Digital FantasiaTejido Traslúcido;Estores digitales de fantasía con diseños únicos y creativos. Modernos, económicos, a medida y envío gratuito en toda España.;9756-happystor-mandala-estor-enrollable-estampado-digital-fantasiatejido-traslucido
upsert;9757;Happystor Palmeras Estor Enrollable Estampado Digital FantasiaTejido Traslúcido;Happystor Palmeras Estor Estampado Digital FantasiaTejido Traslúcido;Estor digital de fantasía con diseño creativo exclusivo. Patrones únicos y modernos, precio barato, a medida y envío gratuito.;9757-happystor-palmeras-estor-enrollable-estampado-digital-fantasiatejido-traslucido
upsert;9758;Happystor HSCIExc28025 Estor Enrollable Estampado Digital Infantil Tejido Traslúcido;Happystor HSCIExc28025 Estor Estampado Digital Infantil Traslúcido;Estor infantil con estampado digital exclusivo. Colores vivos para niños, medidas a medida, barato y envío gratuito.;9758-happystor-hsciexc28025-estor-enrollable-estampado-digital-infantil-tejido-traslucido
upsert;margin-right: auto;width=342 height=114 /></p>;width=342 height=114 /></p>;Estores lisos modernos al mejor precio. Múltiples colores, tejido translúcido u opaco, medidas personalizadas y envío gratuito.;margin-right: auto-width-342-height-114-p
upsert;9759;Happystor HSCIExc28026 Estor Enrollable Estampado Digital Infantil Tejido Traslúcido;Happystor HSCIExc28026 Estor Estampado Digital Infantil Traslúcido;Decora la habitación infantil con estores digitales modernos. Diseños coloridos, económicos, a medida y con envío gratis.;9759-happystor-hsciexc28026-estor-enrollable-estampado-digital-infantil-tejido-traslucido
upsert;margin-right: auto;width=342 height=114 /></p>;width=342 height=114 /></p>;Estor liso noche y día económico con sistema de doble tejido. Diseño elegante, medidas a medida y envío gratis.;margin-right: auto-width-342-height-114-p
upsert;9760;Happystor HSCIExc28027 Estor Enrollable Estampado Digital Infantil Tejido Traslúcido;Happystor HSCIExc28027 Estor Estampado Digital Infantil Traslúcido;Estor infantil con estampado digital divertido. Diseños coloridos para niños, medidas personalizadas, precio barato y envío gratis.;9760-happystor-hsciexc28027-estor-enrollable-estampado-digital-infantil-tejido-traslucido
upsert;margin-right: auto;width=342 height=114 /></p>;width=342 height=114 /></p>;Estor liso de calidad en tejido translúcido o tipo noche y día. Económico, a medida y envío gratuito en todos tus pedidos.;margin-right: auto-width-342-height-114-p
upsert;9761;Happystor HSCIExc28028 Estor Enrollable Estampado Digital Infantil Tejido Traslúcido;Happystor HSCIExc28028 Estor Estampado Digital Infantil Traslúcido;Bonito estor infantil digital de alta calidad. Diseños temáticos para niños, económico, a medida y con envío gratuito.;9761-happystor-hsciexc28028-estor-enrollable-estampado-digital-infantil-tejido-traslucido
upsert;margin-right: auto;width=342 height=114 /></p>;width=342 height=114 /></p>;Estor liso de alta calidad con tejido translúcido u opaco. Colores modernos, medidas personalizadas y envío gratis. ¡Al mejor precio!;margin-right: auto-width-342-height-114-p
upsert;9762;Happystor HSCIExc28029 Estor Enrollable Estampado Digital Infantil Tejido Traslúcido;Happystor HSCIExc28029 Estor Estampado Digital Infantil Traslúcido;Estores digitales infantiles con diseños alegres y coloridos. A tu medida, precio económico y envío gratis. ¡Los niños los adorarán!;9762-happystor-hsciexc28029-estor-enrollable-estampado-digital-infantil-tejido-traslucido
upsert;margin-right: auto;width=342 height=114 /></p>;width=342 height=114 /></p>;Estor enrollable liso económico con diseño actual. Tejido traslúcido u opaco, medidas a tu medida y envío gratis en toda España.;margin-right: auto-width-342-height-114-p
upsert;9763;Happystor HSCIExc28030 Estor Enrollable Estampado Digital Infantil Tejido Traslúcido;Happystor HSCIExc28030 Estor Estampado Digital Infantil Traslúcido;Estor infantil con estampado digital exclusivo. Colores vivos para niños, medidas a medida, barato y envío gratuito.;9763-happystor-hsciexc28030-estor-enrollable-estampado-digital-infantil-tejido-traslucido
upsert;margin-right: auto;width=342 height=114 /></p>;width=342 height=114 /></p>;Estores lisos modernos al mejor precio. Múltiples colores, tejido translúcido u opaco, medidas personalizadas y envío gratuito.;margin-right: auto-width-342-height-114-p
upsert;9764;Happystor HSCIExc28031 Estor Enrollable Estampado Digital Infantil Tejido Traslúcido;Happystor HSCIExc28031 Estor Estampado Digital Infantil Traslúcido;Decora la habitación infantil con estores digitales modernos. Diseños coloridos, económicos, a medida y con envío gratis.;9764-happystor-hsciexc28031-estor-enrollable-estampado-digital-infantil-tejido-traslucido
upsert;margin-right: auto;width=342 height=114 /></p>;width=342 height=114 /></p>;Estor liso noche y día económico con sistema de doble tejido. Diseño elegante, medidas a medida y envío gratis.;margin-right: auto-width-342-height-114-p
upsert;9765;Happystor HSCIExc28032 Estor Enrollable Estampado Digital Infantil Tejido Traslúcido;Happystor HSCIExc28032 Estor Estampado Digital Infantil Traslúcido;Estor infantil con estampado digital divertido. Diseños coloridos para niños, medidas personalizadas, precio barato y envío gratis.;9765-happystor-hsciexc28032-estor-enrollable-estampado-digital-infantil-tejido-traslucido
upsert;margin-right: auto;width=342 height=114 /></p>;width=342 height=114 /></p>;Estor liso de calidad en tejido translúcido o tipo noche y día. Económico, a medida y envío gratuito en todos tus pedidos.;margin-right: auto-width-342-height-114-p
upsert;9766;Happystor HSCIExc28033 Estor Enrollable Estampado Digital Infantil Tejido Traslúcido;Happystor HSCIExc28033 Estor Estampado Digital Infantil Traslúcido;Bonito estor infantil digital de alta calidad. Diseños temáticos para niños, económico, a medida y con envío gratuito.;9766-happystor-hsciexc28033-estor-enrollable-estampado-digital-infantil-tejido-traslucido
upsert;margin-right: auto;width=342 height=114 /></p>;width=342 height=114 /></p>;Estor liso de alta calidad con tejido translúcido u opaco. Colores modernos, medidas personalizadas y envío gratis. ¡Al mejor precio!;margin-right: auto-width-342-height-114-p
upsert;9767;Happystor HSCIExc28034 Estor Enrollable Estampado Digital Infantil Tejido Traslúcido;Happystor HSCIExc28034 Estor Estampado Digital Infantil Traslúcido;Estores digitales infantiles con diseños alegres y coloridos. A tu medida, precio económico y envío gratis. ¡Los niños los adorarán!;9767-happystor-hsciexc28034-estor-enrollable-estampado-digital-infantil-tejido-traslucido
upsert;margin-right: auto;width=342 height=114 /></p>;width=342 height=114 /></p>;Estor enrollable liso económico con diseño actual. Tejido traslúcido u opaco, medidas a tu medida y envío gratis en toda España.;margin-right: auto-width-342-height-114-p
upsert;9768;Happystor HSCIExc28035 Estor Enrollable Estampado Digital Infantil Tejido Traslúcido;Happystor HSCIExc28035 Estor Estampado Digital Infantil Traslúcido;Estor infantil con estampado digital exclusivo. Colores vivos para niños, medidas a medida, barato y envío gratuito.;9768-happystor-hsciexc28035-estor-enrollable-estampado-digital-infantil-tejido-traslucido
upsert;margin-right: auto;width=342 height=114 /></p>;width=342 height=114 /></p>;Estores lisos modernos al mejor precio. Múltiples colores, tejido translúcido u opaco, medidas personalizadas y envío gratuito.;margin-right: auto-width-342-height-114-p
upsert;9769;Happystor HSCIExc28036 Estor Enrollable Estampado Digital Infantil Tejido Traslúcido;Happystor HSCIExc28036 Estor Estampado Digital Infantil Traslúcido;Decora la habitación infantil con estores digitales modernos. Diseños coloridos, económicos, a medida y con envío gratis.;9769-happystor-hsciexc28036-estor-enrollable-estampado-digital-infantil-tejido-traslucido
upsert;margin-right: auto;width=342 height=114 /></p>;width=342 height=114 /></p>;Estor liso noche y día económico con sistema de doble tejido. Diseño elegante, medidas a medida y envío gratis.;margin-right: auto-width-342-height-114-p